slug,title,description,cuisine,vegetarian,minutes
tomato-soup,Tomato soup,"Simmer tomatoes, onion and garlic, blend until smooth and serve hot with crusty bread.",Italian,True,35
mango-salsa,Mango salsa,"Diced mango, red onion, lime juice and chili. Fresh and zesty, great with tacos.",Mexican,True,10
chocolate-brownies,Chocolate brownies,Rich fudgy squares of chocolate baked in a tray.,American,True,45
caesar-salad,Caesar salad,"Crisp romaine lettuce, croutons, parmesan and a creamy dressing.",Italian,True,15
lemon-sorbet,Lemon sorbet,"Frozen lemon dessert, sharp and refreshing on summer afternoons.",French,True,20
minestrone,Minestrone,"Hearty Italian vegetable soup with beans, pasta and tomato, simmered slowly.",Italian,True,50
chicken-noodle-soup,Chicken noodle soup,Comforting broth with shredded chicken and egg noodles for chilly evenings.,American,False,40
beef-stew,Beef stew,"Chunks of beef braised for hours with carrots, potatoes and red wine.",French,False,180
french-onion-soup,French onion soup,Deeply caramelised onions in beef broth topped with toasted bread and melted cheese.,French,False,75
red-lentil-dal,Red lentil dal,"Red lentils simmered with turmeric, cumin and garlic into a warming golden stew.",Indian,True,30
butternut-squash-soup,Butternut squash soup,Roasted squash blended with ginger and coconut milk into a velvety soup.,Thai,True,45
chili-con-carne,Chili con carne,"Minced beef, kidney beans and chili peppers cooked into a thick, spicy stew.",Mexican,False,60
vanilla-ice-cream,Vanilla ice cream,"Churned custard of cream, milk and vanilla, served frozen.",French,True,30
strawberry-cheesecake,Strawberry cheesecake,Creamy baked cheesecake on a biscuit base topped with fresh strawberries.,American,True,90
apple-pie,Apple pie,Spiced apples baked in a buttery double crust; best warm with cream.,American,True,75
tiramisu,Tiramisu,"Layers of coffee-soaked sponge fingers and mascarpone cream, dusted with cocoa.",Italian,True,30
mango-lassi,Mango lassi,Chilled yogurt drink blended with ripe mango and a pinch of cardamom.,Indian,True,5
chocolate-chip-cookies,Chocolate chip cookies,"Chewy cookies packed with chocolate chips, baked golden at the edges.",American,True,25
panna-cotta,Panna cotta,Silky set cream flavoured with vanilla and served cold with berry sauce.,Italian,True,20
greek-salad,Greek salad,"Tomatoes, cucumber, red onion, olives and feta dressed with olive oil.",Greek,True,10
caprese-salad,Caprese salad,Sliced tomatoes and fresh mozzarella with basil leaves and olive oil.,Italian,True,10
quinoa-salad,Quinoa salad,"Fluffy quinoa tossed with chickpeas, herbs, cucumber and a lemon dressing.",Mediterranean,True,20
waldorf-salad,Waldorf salad,"Crunchy apples, celery and walnuts in a light mayonnaise dressing.",American,True,15
thai-green-curry,Thai green curry,"Chicken simmered in coconut milk with green curry paste, basil and fiery chilies.",Thai,False,35
kung-pao-chicken,Kung pao chicken,"Wok-fried chicken with peanuts, dried chilies and Sichuan pepper.",Chinese,False,25
vindaloo,Vindaloo,Very hot pork curry with vinegar and plenty of red chilies.,Indian,False,70
spicy-tofu-stir-fry,Spicy tofu stir-fry,"Crispy tofu tossed with broccoli, peppers and a hot chili garlic sauce.",Chinese,True,20
jalapeno-poppers,Jalapeno poppers,Jalapeno peppers stuffed with cream cheese and baked until bubbling.,Mexican,True,30
shakshuka,Shakshuka,Eggs poached in a spiced tomato and pepper sauce; eaten from the pan with bread.,Middle Eastern,True,30
pancakes,Pancakes,Fluffy stacked pancakes served with maple syrup and butter for breakfast.,American,True,20
avocado-toast,Avocado toast,"Toasted sourdough topped with smashed avocado, lemon and chili flakes.",American,True,10
overnight-oats,Overnight oats,"Oats soaked in milk overnight with chia seeds and berries, ready for the morning.",American,True,5
full-english-breakfast,Full English breakfast,"Eggs, bacon, sausages, beans, mushrooms and toast on one big plate.",British,False,30
spaghetti-carbonara,Spaghetti carbonara,"Spaghetti tossed with egg yolks, pecorino, black pepper and crispy guanciale.",Italian,False,20
pesto-pasta,Pesto pasta,Pasta coated in a bright basil and pine nut pesto with parmesan.,Italian,True,15
mushroom-risotto,Mushroom risotto,"Creamy arborio rice stirred slowly with mushrooms, white wine and parmesan.",Italian,True,40
lasagne,Lasagne,"Layers of pasta, meat ragu and bechamel baked until golden.",Italian,False,90
margherita-pizza,Margherita pizza,"Thin crust pizza with tomato sauce, mozzarella and fresh basil.",Italian,True,25
fish-tacos,Fish tacos,Crispy battered fish in soft tortillas with cabbage slaw and lime crema.,Mexican,False,30
grilled-salmon,Grilled salmon,Salmon fillets grilled with lemon and dill; light and quick.,Nordic,False,15
shrimp-pad-thai,Shrimp pad thai,"Rice noodles stir-fried with shrimp, egg, tamarind and crushed peanuts.",Thai,False,25
sushi-rolls,Sushi rolls,"Vinegared rice rolled in seaweed with raw tuna, cucumber and avocado.",Japanese,False,45
moules-marinieres,Moules marinieres,"Mussels steamed in white wine, garlic and parsley, served with fries.",French,False,25
falafel-wrap,Falafel wrap,"Crispy chickpea falafel in flatbread with hummus, salad and tahini.",Middle Eastern,True,30
vegetable-samosas,Vegetable samosas,Pastry triangles filled with spiced potato and peas then fried until crisp.,Indian,True,50
guacamole,Guacamole,"Mashed avocado with lime, coriander, onion and a little chili, served with chips.",Mexican,True,10
hummus,Hummus,"Smooth dip of chickpeas, tahini, lemon and garlic.",Middle Eastern,True,10
roast-chicken,Roast chicken,Whole chicken roasted with lemon and thyme until the skin is crisp.,British,False,90
ramen,Ramen,"Rich pork broth with wheat noodles, soft egg and spring onions; steaming hot.",Japanese,False,240
gazpacho,Gazpacho,"Chilled Spanish soup of raw tomatoes, cucumber and peppers, perfect on a hot day.",Spanish,True,15
spicy-chicken-curry,Spicy chicken curry,"Tender chicken thighs simmered in a fiery chili curry sauce with onion, ginger and garam masala, served with rice.",Indian,False,50
lemon-garlic-chicken-curry,Lemon garlic chicken curry,"Tender chicken thighs simmered in a bright lemon and garlic curry sauce with onion, ginger and garam masala, served with rice.",Indian,False,50
creamy-chicken-curry,Creamy chicken curry,"Tender chicken thighs simmered in a rich, creamy curry sauce with onion, ginger and garam masala, served with rice.",Indian,False,30
honey-ginger-chicken-curry,Honey ginger chicken curry,"Tender chicken thighs simmered in a sweet honey and ginger curry sauce with onion, ginger and garam masala, served with rice.",Indian,False,45
herby-chicken-curry,Herby chicken curry,"Tender chicken thighs simmered in a fresh herb curry sauce with onion, ginger and garam masala, served with rice.",Indian,False,30
spicy-chicken-tacos,Spicy chicken tacos,"Soft tortillas filled with fiery chili tender chicken thighs, salsa, lime and shredded cabbage.",Mexican,False,30
smoky-chicken-tacos,Smoky chicken tacos,"Soft tortillas filled with smoky paprika tender chicken thighs, salsa, lime and shredded cabbage.",Mexican,False,30
lemon-garlic-chicken-tacos,Lemon garlic chicken tacos,"Soft tortillas filled with bright lemon and garlic tender chicken thighs, salsa, lime and shredded cabbage.",Mexican,False,25
creamy-chicken-tacos,Creamy chicken tacos,"Soft tortillas filled with rich, creamy tender chicken thighs, salsa, lime and shredded cabbage.",Mexican,False,25
honey-ginger-chicken-tacos,Honey ginger chicken tacos,"Soft tortillas filled with sweet honey and ginger tender chicken thighs, salsa, lime and shredded cabbage.",Mexican,False,15
herby-chicken-tacos,Herby chicken tacos,"Soft tortillas filled with fresh herb tender chicken thighs, salsa, lime and shredded cabbage.",Mexican,False,35
spicy-chicken-stir-fry,Spicy chicken stir-fry,"Tender chicken thighs tossed in a hot wok with vegetables and a fiery chili sauce, served over noodles.",Chinese,False,15
smoky-chicken-stir-fry,Smoky chicken stir-fry,"Tender chicken thighs tossed in a hot wok with vegetables and a smoky paprika sauce, served over noodles.",Chinese,False,30
lemon-garlic-chicken-stir-fry,Lemon garlic chicken stir-fry,"Tender chicken thighs tossed in a hot wok with vegetables and a bright lemon and garlic sauce, served over noodles.",Chinese,False,30
creamy-chicken-stir-fry,Creamy chicken stir-fry,"Tender chicken thighs tossed in a hot wok with vegetables and a rich, creamy sauce, served over noodles.",Chinese,False,30
herby-chicken-stir-fry,Herby chicken stir-fry,"Tender chicken thighs tossed in a hot wok with vegetables and a fresh herb sauce, served over noodles.",Chinese,False,15
smoky-chicken-risotto,Smoky chicken risotto,"Creamy arborio rice stirred slowly with tender chicken thighs, parmesan and a smoky paprika finish.",Italian,False,45
lemon-garlic-chicken-risotto,Lemon garlic chicken risotto,"Creamy arborio rice stirred slowly with tender chicken thighs, parmesan and a bright lemon and garlic finish.",Italian,False,35
honey-ginger-chicken-risotto,Honey ginger chicken risotto,"Creamy arborio rice stirred slowly with tender chicken thighs, parmesan and a sweet honey and ginger finish.",Italian,False,35
herby-chicken-risotto,Herby chicken risotto,"Creamy arborio rice stirred slowly with tender chicken thighs, parmesan and a fresh herb finish.",Italian,False,50
spicy-chicken-salad,Spicy chicken salad,"A fresh bowl of leaves, cucumber and tender chicken thighs with a fiery chili dressing.",Mediterranean,False,5
smoky-chicken-salad,Smoky chicken salad,"A fresh bowl of leaves, cucumber and tender chicken thighs with a smoky paprika dressing.",Mediterranean,False,5
lemon-garlic-chicken-salad,Lemon garlic chicken salad,"A fresh bowl of leaves, cucumber and tender chicken thighs with a bright lemon and garlic dressing.",Mediterranean,False,25
creamy-chicken-salad,Creamy chicken salad,"A fresh bowl of leaves, cucumber and tender chicken thighs with a rich, creamy dressing.",Mediterranean,False,10
honey-ginger-chicken-salad,Honey ginger chicken salad,"A fresh bowl of leaves, cucumber and tender chicken thighs with a sweet honey and ginger dressing.",Mediterranean,False,5
herby-chicken-salad,Herby chicken salad,"A fresh bowl of leaves, cucumber and tender chicken thighs with a fresh herb dressing.",Mediterranean,False,20
spicy-chicken-soup,Spicy chicken soup,"A warming pot of tender chicken thighs and root vegetables in a fiery chili broth, served hot.",French,False,45
smoky-chicken-soup,Smoky chicken soup,"A warming pot of tender chicken thighs and root vegetables in a smoky paprika broth, served hot.",French,False,40
lemon-garlic-chicken-soup,Lemon garlic chicken soup,"A warming pot of tender chicken thighs and root vegetables in a bright lemon and garlic broth, served hot.",French,False,50
creamy-chicken-soup,Creamy chicken soup,"A warming pot of tender chicken thighs and root vegetables in a rich, creamy broth, served hot.",French,False,50
honey-ginger-chicken-soup,Honey ginger chicken soup,"A warming pot of tender chicken thighs and root vegetables in a sweet honey and ginger broth, served hot.",French,False,40
herby-chicken-soup,Herby chicken soup,"A warming pot of tender chicken thighs and root vegetables in a fresh herb broth, served hot.",French,False,50
spicy-chicken-pasta,Spicy chicken pasta,"Pasta tossed with tender chicken thighs, garlic and a fiery chili sauce, topped with herbs.",Italian,False,30
lemon-garlic-chicken-pasta,Lemon garlic chicken pasta,"Pasta tossed with tender chicken thighs, garlic and a bright lemon and garlic sauce, topped with herbs.",Italian,False,20
creamy-chicken-pasta,Creamy chicken pasta,"Pasta tossed with tender chicken thighs, garlic and a rich, creamy sauce, topped with herbs.",Italian,False,25
honey-ginger-chicken-pasta,Honey ginger chicken pasta,"Pasta tossed with tender chicken thighs, garlic and a sweet honey and ginger sauce, topped with herbs.",Italian,False,20
herby-chicken-pasta,Herby chicken pasta,"Pasta tossed with tender chicken thighs, garlic and a fresh herb sauce, topped with herbs.",Italian,False,15
spicy-chicken-burger,Spicy chicken burger,"A toasted bun with a fiery chili tender chicken thighs patty, pickles and crunchy lettuce.",American,False,35
smoky-chicken-burger,Smoky chicken burger,"A toasted bun with a smoky paprika tender chicken thighs patty, pickles and crunchy lettuce.",American,False,20
creamy-chicken-burger,Creamy chicken burger,"A toasted bun with a rich, creamy tender chicken thighs patty, pickles and crunchy lettuce.",American,False,35
herby-chicken-burger,Herby chicken burger,"A toasted bun with a fresh herb tender chicken thighs patty, pickles and crunchy lettuce.",American,False,35
spicy-chicken-skewers,Spicy chicken skewers,"Tender chicken thighs threaded on skewers, grilled over high heat and brushed with a fiery chili glaze.",Greek,False,40
smoky-chicken-skewers,Smoky chicken skewers,"Tender chicken thighs threaded on skewers, grilled over high heat and brushed with a smoky paprika glaze.",Greek,False,40
lemon-garlic-chicken-skewers,Lemon garlic chicken skewers,"Tender chicken thighs threaded on skewers, grilled over high heat and brushed with a bright lemon and garlic glaze.",Greek,False,45
creamy-chicken-skewers,Creamy chicken skewers,"Tender chicken thighs threaded on skewers, grilled over high heat and brushed with a rich, creamy glaze.",Greek,False,40
honey-ginger-chicken-skewers,Honey ginger chicken skewers,"Tender chicken thighs threaded on skewers, grilled over high heat and brushed with a sweet honey and ginger glaze.",Greek,False,40
herby-chicken-skewers,Herby chicken skewers,"Tender chicken thighs threaded on skewers, grilled over high heat and brushed with a fresh herb glaze.",Greek,False,35
spicy-chicken-stew,Spicy chicken stew,"Tender chicken thighs braised slowly with carrots, potatoes and a fiery chili gravy until thick.",British,False,120
smoky-chicken-stew,Smoky chicken stew,"Tender chicken thighs braised slowly with carrots, potatoes and a smoky paprika gravy until thick.",British,False,125
lemon-garlic-chicken-stew,Lemon garlic chicken stew,"Tender chicken thighs braised slowly with carrots, potatoes and a bright lemon and garlic gravy until thick.",British,False,110
creamy-chicken-stew,Creamy chicken stew,"Tender chicken thighs braised slowly with carrots, potatoes and a rich, creamy gravy until thick.",British,False,120
spicy-chicken-noodle-bowl,Spicy chicken noodle bowl,"Noodles in a steaming broth with tender chicken thighs, spring onions and a fiery chili kick.",Japanese,False,25
creamy-chicken-noodle-bowl,Creamy chicken noodle bowl,"Noodles in a steaming broth with tender chicken thighs, spring onions and a rich, creamy kick.",Japanese,False,35
honey-ginger-chicken-noodle-bowl,Honey ginger chicken noodle bowl,"Noodles in a steaming broth with tender chicken thighs, spring onions and a sweet honey and ginger kick.",Japanese,False,35
herby-chicken-noodle-bowl,Herby chicken noodle bowl,"Noodles in a steaming broth with tender chicken thighs, spring onions and a fresh herb kick.",Japanese,False,20
smoky-chicken-wrap,Smoky chicken wrap,"Warm flatbread rolled around tender chicken thighs, hummus, salad and a smoky paprika sauce.",Middle Eastern,False,20
lemon-garlic-chicken-wrap,Lemon garlic chicken wrap,"Warm flatbread rolled around tender chicken thighs, hummus, salad and a bright lemon and garlic sauce.",Middle Eastern,False,15
creamy-chicken-wrap,Creamy chicken wrap,"Warm flatbread rolled around tender chicken thighs, hummus, salad and a rich, creamy sauce.",Middle Eastern,False,10
herby-chicken-wrap,Herby chicken wrap,"Warm flatbread rolled around tender chicken thighs, hummus, salad and a fresh herb sauce.",Middle Eastern,False,30
spicy-chicken-traybake,Spicy chicken traybake,Tender chicken thighs and vegetables roasted together on one tray with a fiery chili seasoning.,British,False,50
smoky-chicken-traybake,Smoky chicken traybake,Tender chicken thighs and vegetables roasted together on one tray with a smoky paprika seasoning.,British,False,55
lemon-garlic-chicken-traybake,Lemon garlic chicken traybake,Tender chicken thighs and vegetables roasted together on one tray with a bright lemon and garlic seasoning.,British,False,55
creamy-chicken-traybake,Creamy chicken traybake,"Tender chicken thighs and vegetables roasted together on one tray with a rich, creamy seasoning.",British,False,65
honey-ginger-chicken-traybake,Honey ginger chicken traybake,Tender chicken thighs and vegetables roasted together on one tray with a sweet honey and ginger seasoning.,British,False,50
herby-chicken-traybake,Herby chicken traybake,Tender chicken thighs and vegetables roasted together on one tray with a fresh herb seasoning.,British,False,65
spicy-chicken-fried-rice,Spicy chicken fried rice,"Day-old rice fried with egg, peas and tender chicken thighs in a fiery chili sauce.",Chinese,False,10
smoky-chicken-fried-rice,Smoky chicken fried rice,"Day-old rice fried with egg, peas and tender chicken thighs in a smoky paprika sauce.",Chinese,False,10
lemon-garlic-chicken-fried-rice,Lemon garlic chicken fried rice,"Day-old rice fried with egg, peas and tender chicken thighs in a bright lemon and garlic sauce.",Chinese,False,30
creamy-chicken-fried-rice,Creamy chicken fried rice,"Day-old rice fried with egg, peas and tender chicken thighs in a rich, creamy sauce.",Chinese,False,10
honey-ginger-chicken-fried-rice,Honey ginger chicken fried rice,"Day-old rice fried with egg, peas and tender chicken thighs in a sweet honey and ginger sauce.",Chinese,False,10
herby-chicken-fried-rice,Herby chicken fried rice,"Day-old rice fried with egg, peas and tender chicken thighs in a fresh herb sauce.",Chinese,False,25
spicy-chicken-pie,Spicy chicken pie,"Tender chicken thighs in a fiery chili filling under a golden, flaky pastry lid.",British,False,70
smoky-chicken-pie,Smoky chicken pie,"Tender chicken thighs in a smoky paprika filling under a golden, flaky pastry lid.",British,False,80
lemon-garlic-chicken-pie,Lemon garlic chicken pie,"Tender chicken thighs in a bright lemon and garlic filling under a golden, flaky pastry lid.",British,False,75
creamy-chicken-pie,Creamy chicken pie,"Tender chicken thighs in a rich, creamy filling under a golden, flaky pastry lid.",British,False,65
spicy-chicken-green-curry,Spicy chicken green curry,Tender chicken thighs cooked in coconut milk with green curry paste and a fiery chili edge.,Thai,False,40
smoky-chicken-green-curry,Smoky chicken green curry,Tender chicken thighs cooked in coconut milk with green curry paste and a smoky paprika edge.,Thai,False,30
creamy-chicken-green-curry,Creamy chicken green curry,"Tender chicken thighs cooked in coconut milk with green curry paste and a rich, creamy edge.",Thai,False,45
honey-ginger-chicken-green-curry,Honey ginger chicken green curry,Tender chicken thighs cooked in coconut milk with green curry paste and a sweet honey and ginger edge.,Thai,False,30
herby-chicken-green-curry,Herby chicken green curry,Tender chicken thighs cooked in coconut milk with green curry paste and a fresh herb edge.,Thai,False,35
spicy-chicken-enchiladas,Spicy chicken enchiladas,"Tortillas rolled around tender chicken thighs, covered with a fiery chili sauce and cheese, then baked.",Mexican,False,45
smoky-chicken-enchiladas,Smoky chicken enchiladas,"Tortillas rolled around tender chicken thighs, covered with a smoky paprika sauce and cheese, then baked.",Mexican,False,50
lemon-garlic-chicken-enchiladas,Lemon garlic chicken enchiladas,"Tortillas rolled around tender chicken thighs, covered with a bright lemon and garlic sauce and cheese, then baked.",Mexican,False,40
honey-ginger-chicken-enchiladas,Honey ginger chicken enchiladas,"Tortillas rolled around tender chicken thighs, covered with a sweet honey and ginger sauce and cheese, then baked.",Mexican,False,45
herby-chicken-enchiladas,Herby chicken enchiladas,"Tortillas rolled around tender chicken thighs, covered with a fresh herb sauce and cheese, then baked.",Mexican,False,45
spicy-chicken-flatbread,Spicy chicken flatbread,"Crisp flatbread topped with tender chicken thighs, yogurt and a fiery chili drizzle.",Middle Eastern,False,30
smoky-chicken-flatbread,Smoky chicken flatbread,"Crisp flatbread topped with tender chicken thighs, yogurt and a smoky paprika drizzle.",Middle Eastern,False,25
lemon-garlic-chicken-flatbread,Lemon garlic chicken flatbread,"Crisp flatbread topped with tender chicken thighs, yogurt and a bright lemon and garlic drizzle.",Middle Eastern,False,25
creamy-chicken-flatbread,Creamy chicken flatbread,"Crisp flatbread topped with tender chicken thighs, yogurt and a rich, creamy drizzle.",Middle Eastern,False,15
honey-ginger-chicken-flatbread,Honey ginger chicken flatbread,"Crisp flatbread topped with tender chicken thighs, yogurt and a sweet honey and ginger drizzle.",Middle Eastern,False,35
herby-chicken-flatbread,Herby chicken flatbread,"Crisp flatbread topped with tender chicken thighs, yogurt and a fresh herb drizzle.",Middle Eastern,False,20
spicy-beef-curry,Spicy beef curry,"Strips of beef simmered in a fiery chili curry sauce with onion, ginger and garam masala, served with rice.",Indian,False,30
smoky-beef-curry,Smoky beef curry,"Strips of beef simmered in a smoky paprika curry sauce with onion, ginger and garam masala, served with rice.",Indian,False,35
lemon-garlic-beef-curry,Lemon garlic beef curry,"Strips of beef simmered in a bright lemon and garlic curry sauce with onion, ginger and garam masala, served with rice.",Indian,False,45
creamy-beef-curry,Creamy beef curry,"Strips of beef simmered in a rich, creamy curry sauce with onion, ginger and garam masala, served with rice.",Indian,False,30
honey-ginger-beef-curry,Honey ginger beef curry,"Strips of beef simmered in a sweet honey and ginger curry sauce with onion, ginger and garam masala, served with rice.",Indian,False,30
herby-beef-curry,Herby beef curry,"Strips of beef simmered in a fresh herb curry sauce with onion, ginger and garam masala, served with rice.",Indian,False,50
smoky-beef-tacos,Smoky beef tacos,"Soft tortillas filled with smoky paprika strips of beef, salsa, lime and shredded cabbage.",Mexican,False,20
lemon-garlic-beef-tacos,Lemon garlic beef tacos,"Soft tortillas filled with bright lemon and garlic strips of beef, salsa, lime and shredded cabbage.",Mexican,False,15
honey-ginger-beef-tacos,Honey ginger beef tacos,"Soft tortillas filled with sweet honey and ginger strips of beef, salsa, lime and shredded cabbage.",Mexican,False,35
herby-beef-tacos,Herby beef tacos,"Soft tortillas filled with fresh herb strips of beef, salsa, lime and shredded cabbage.",Mexican,False,25
spicy-beef-stir-fry,Spicy beef stir-fry,"Strips of beef tossed in a hot wok with vegetables and a fiery chili sauce, served over noodles.",Chinese,False,15
smoky-beef-stir-fry,Smoky beef stir-fry,"Strips of beef tossed in a hot wok with vegetables and a smoky paprika sauce, served over noodles.",Chinese,False,15
lemon-garlic-beef-stir-fry,Lemon garlic beef stir-fry,"Strips of beef tossed in a hot wok with vegetables and a bright lemon and garlic sauce, served over noodles.",Chinese,False,30
creamy-beef-stir-fry,Creamy beef stir-fry,"Strips of beef tossed in a hot wok with vegetables and a rich, creamy sauce, served over noodles.",Chinese,False,25
honey-ginger-beef-stir-fry,Honey ginger beef stir-fry,"Strips of beef tossed in a hot wok with vegetables and a sweet honey and ginger sauce, served over noodles.",Chinese,False,20
herby-beef-stir-fry,Herby beef stir-fry,"Strips of beef tossed in a hot wok with vegetables and a fresh herb sauce, served over noodles.",Chinese,False,20
spicy-beef-risotto,Spicy beef risotto,"Creamy arborio rice stirred slowly with strips of beef, parmesan and a fiery chili finish.",Italian,False,45
smoky-beef-risotto,Smoky beef risotto,"Creamy arborio rice stirred slowly with strips of beef, parmesan and a smoky paprika finish.",Italian,False,55
creamy-beef-risotto,Creamy beef risotto,"Creamy arborio rice stirred slowly with strips of beef, parmesan and a rich, creamy finish.",Italian,False,55
honey-ginger-beef-risotto,Honey ginger beef risotto,"Creamy arborio rice stirred slowly with strips of beef, parmesan and a sweet honey and ginger finish.",Italian,False,40
herby-beef-risotto,Herby beef risotto,"Creamy arborio rice stirred slowly with strips of beef, parmesan and a fresh herb finish.",Italian,False,35
spicy-beef-salad,Spicy beef salad,"A fresh bowl of leaves, cucumber and strips of beef with a fiery chili dressing.",Mediterranean,False,10
smoky-beef-salad,Smoky beef salad,"A fresh bowl of leaves, cucumber and strips of beef with a smoky paprika dressing.",Mediterranean,False,5
lemon-garlic-beef-salad,Lemon garlic beef salad,"A fresh bowl of leaves, cucumber and strips of beef with a bright lemon and garlic dressing.",Mediterranean,False,5
creamy-beef-salad,Creamy beef salad,"A fresh bowl of leaves, cucumber and strips of beef with a rich, creamy dressing.",Mediterranean,False,25
honey-ginger-beef-salad,Honey ginger beef salad,"A fresh bowl of leaves, cucumber and strips of beef with a sweet honey and ginger dressing.",Mediterranean,False,10
herby-beef-salad,Herby beef salad,"A fresh bowl of leaves, cucumber and strips of beef with a fresh herb dressing.",Mediterranean,False,25
spicy-beef-soup,Spicy beef soup,"A warming pot of strips of beef and root vegetables in a fiery chili broth, served hot.",French,False,50
creamy-beef-soup,Creamy beef soup,"A warming pot of strips of beef and root vegetables in a rich, creamy broth, served hot.",French,False,55
herby-beef-soup,Herby beef soup,"A warming pot of strips of beef and root vegetables in a fresh herb broth, served hot.",French,False,55
spicy-beef-pasta,Spicy beef pasta,"Pasta tossed with strips of beef, garlic and a fiery chili sauce, topped with herbs.",Italian,False,35
smoky-beef-pasta,Smoky beef pasta,"Pasta tossed with strips of beef, garlic and a smoky paprika sauce, topped with herbs.",Italian,False,35
lemon-garlic-beef-pasta,Lemon garlic beef pasta,"Pasta tossed with strips of beef, garlic and a bright lemon and garlic sauce, topped with herbs.",Italian,False,30
creamy-beef-pasta,Creamy beef pasta,"Pasta tossed with strips of beef, garlic and a rich, creamy sauce, topped with herbs.",Italian,False,25
honey-ginger-beef-pasta,Honey ginger beef pasta,"Pasta tossed with strips of beef, garlic and a sweet honey and ginger sauce, topped with herbs.",Italian,False,20
spicy-beef-burger,Spicy beef burger,"A toasted bun with a fiery chili strips of beef patty, pickles and crunchy lettuce.",American,False,35
smoky-beef-burger,Smoky beef burger,"A toasted bun with a smoky paprika strips of beef patty, pickles and crunchy lettuce.",American,False,40
lemon-garlic-beef-burger,Lemon garlic beef burger,"A toasted bun with a bright lemon and garlic strips of beef patty, pickles and crunchy lettuce.",American,False,25
creamy-beef-burger,Creamy beef burger,"A toasted bun with a rich, creamy strips of beef patty, pickles and crunchy lettuce.",American,False,40
honey-ginger-beef-burger,Honey ginger beef burger,"A toasted bun with a sweet honey and ginger strips of beef patty, pickles and crunchy lettuce.",American,False,30
herby-beef-burger,Herby beef burger,"A toasted bun with a fresh herb strips of beef patty, pickles and crunchy lettuce.",American,False,30
smoky-beef-skewers,Smoky beef skewers,"Strips of beef threaded on skewers, grilled over high heat and brushed with a smoky paprika glaze.",Greek,False,45
honey-ginger-beef-skewers,Honey ginger beef skewers,"Strips of beef threaded on skewers, grilled over high heat and brushed with a sweet honey and ginger glaze.",Greek,False,45
spicy-beef-stew,Spicy beef stew,"Strips of beef braised slowly with carrots, potatoes and a fiery chili gravy until thick.",British,False,120
smoky-beef-stew,Smoky beef stew,"Strips of beef braised slowly with carrots, potatoes and a smoky paprika gravy until thick.",British,False,120
lemon-garlic-beef-stew,Lemon garlic beef stew,"Strips of beef braised slowly with carrots, potatoes and a bright lemon and garlic gravy until thick.",British,False,115
creamy-beef-stew,Creamy beef stew,"Strips of beef braised slowly with carrots, potatoes and a rich, creamy gravy until thick.",British,False,130
honey-ginger-beef-stew,Honey ginger beef stew,"Strips of beef braised slowly with carrots, potatoes and a sweet honey and ginger gravy until thick.",British,False,110
herby-beef-stew,Herby beef stew,"Strips of beef braised slowly with carrots, potatoes and a fresh herb gravy until thick.",British,False,110
spicy-beef-noodle-bowl,Spicy beef noodle bowl,"Noodles in a steaming broth with strips of beef, spring onions and a fiery chili kick.",Japanese,False,30
smoky-beef-noodle-bowl,Smoky beef noodle bowl,"Noodles in a steaming broth with strips of beef, spring onions and a smoky paprika kick.",Japanese,False,20
creamy-beef-noodle-bowl,Creamy beef noodle bowl,"Noodles in a steaming broth with strips of beef, spring onions and a rich, creamy kick.",Japanese,False,30
honey-ginger-beef-noodle-bowl,Honey ginger beef noodle bowl,"Noodles in a steaming broth with strips of beef, spring onions and a sweet honey and ginger kick.",Japanese,False,40
herby-beef-noodle-bowl,Herby beef noodle bowl,"Noodles in a steaming broth with strips of beef, spring onions and a fresh herb kick.",Japanese,False,25
spicy-beef-wrap,Spicy beef wrap,"Warm flatbread rolled around strips of beef, hummus, salad and a fiery chili sauce.",Middle Eastern,False,30
smoky-beef-wrap,Smoky beef wrap,"Warm flatbread rolled around strips of beef, hummus, salad and a smoky paprika sauce.",Middle Eastern,False,20
lemon-garlic-beef-wrap,Lemon garlic beef wrap,"Warm flatbread rolled around strips of beef, hummus, salad and a bright lemon and garlic sauce.",Middle Eastern,False,10
creamy-beef-wrap,Creamy beef wrap,"Warm flatbread rolled around strips of beef, hummus, salad and a rich, creamy sauce.",Middle Eastern,False,15
honey-ginger-beef-wrap,Honey ginger beef wrap,"Warm flatbread rolled around strips of beef, hummus, salad and a sweet honey and ginger sauce.",Middle Eastern,False,30
spicy-beef-traybake,Spicy beef traybake,Strips of beef and vegetables roasted together on one tray with a fiery chili seasoning.,British,False,60
smoky-beef-traybake,Smoky beef traybake,Strips of beef and vegetables roasted together on one tray with a smoky paprika seasoning.,British,False,50
honey-ginger-beef-traybake,Honey ginger beef traybake,Strips of beef and vegetables roasted together on one tray with a sweet honey and ginger seasoning.,British,False,45
herby-beef-traybake,Herby beef traybake,Strips of beef and vegetables roasted together on one tray with a fresh herb seasoning.,British,False,55
spicy-beef-fried-rice,Spicy beef fried rice,"Day-old rice fried with egg, peas and strips of beef in a fiery chili sauce.",Chinese,False,15
smoky-beef-fried-rice,Smoky beef fried rice,"Day-old rice fried with egg, peas and strips of beef in a smoky paprika sauce.",Chinese,False,20
lemon-garlic-beef-fried-rice,Lemon garlic beef fried rice,"Day-old rice fried with egg, peas and strips of beef in a bright lemon and garlic sauce.",Chinese,False,25
creamy-beef-fried-rice,Creamy beef fried rice,"Day-old rice fried with egg, peas and strips of beef in a rich, creamy sauce.",Chinese,False,15
smoky-beef-pie,Smoky beef pie,"Strips of beef in a smoky paprika filling under a golden, flaky pastry lid.",British,False,65
lemon-garlic-beef-pie,Lemon garlic beef pie,"Strips of beef in a bright lemon and garlic filling under a golden, flaky pastry lid.",British,False,80
creamy-beef-pie,Creamy beef pie,"Strips of beef in a rich, creamy filling under a golden, flaky pastry lid.",British,False,65
herby-beef-pie,Herby beef pie,"Strips of beef in a fresh herb filling under a golden, flaky pastry lid.",British,False,80
spicy-beef-green-curry,Spicy beef green curry,Strips of beef cooked in coconut milk with green curry paste and a fiery chili edge.,Thai,False,30
smoky-beef-green-curry,Smoky beef green curry,Strips of beef cooked in coconut milk with green curry paste and a smoky paprika edge.,Thai,False,25
lemon-garlic-beef-green-curry,Lemon garlic beef green curry,Strips of beef cooked in coconut milk with green curry paste and a bright lemon and garlic edge.,Thai,False,45
creamy-beef-green-curry,Creamy beef green curry,"Strips of beef cooked in coconut milk with green curry paste and a rich, creamy edge.",Thai,False,30
honey-ginger-beef-green-curry,Honey ginger beef green curry,Strips of beef cooked in coconut milk with green curry paste and a sweet honey and ginger edge.,Thai,False,25
herby-beef-green-curry,Herby beef green curry,Strips of beef cooked in coconut milk with green curry paste and a fresh herb edge.,Thai,False,35
spicy-beef-enchiladas,Spicy beef enchiladas,"Tortillas rolled around strips of beef, covered with a fiery chili sauce and cheese, then baked.",Mexican,False,60
smoky-beef-enchiladas,Smoky beef enchiladas,"Tortillas rolled around strips of beef, covered with a smoky paprika sauce and cheese, then baked.",Mexican,False,50
lemon-garlic-beef-enchiladas,Lemon garlic beef enchiladas,"Tortillas rolled around strips of beef, covered with a bright lemon and garlic sauce and cheese, then baked.",Mexican,False,50
creamy-beef-enchiladas,Creamy beef enchiladas,"Tortillas rolled around strips of beef, covered with a rich, creamy sauce and cheese, then baked.",Mexican,False,55
honey-ginger-beef-enchiladas,Honey ginger beef enchiladas,"Tortillas rolled around strips of beef, covered with a sweet honey and ginger sauce and cheese, then baked.",Mexican,False,55
herby-beef-enchiladas,Herby beef enchiladas,"Tortillas rolled around strips of beef, covered with a fresh herb sauce and cheese, then baked.",Mexican,False,55
spicy-beef-flatbread,Spicy beef flatbread,"Crisp flatbread topped with strips of beef, yogurt and a fiery chili drizzle.",Middle Eastern,False,20
lemon-garlic-beef-flatbread,Lemon garlic beef flatbread,"Crisp flatbread topped with strips of beef, yogurt and a bright lemon and garlic drizzle.",Middle Eastern,False,30
creamy-beef-flatbread,Creamy beef flatbread,"Crisp flatbread topped with strips of beef, yogurt and a rich, creamy drizzle.",Middle Eastern,False,15
honey-ginger-beef-flatbread,Honey ginger beef flatbread,"Crisp flatbread topped with strips of beef, yogurt and a sweet honey and ginger drizzle.",Middle Eastern,False,15
herby-beef-flatbread,Herby beef flatbread,"Crisp flatbread topped with strips of beef, yogurt and a fresh herb drizzle.",Middle Eastern,False,25
spicy-pork-curry,Spicy pork curry,"Pork shoulder simmered in a fiery chili curry sauce with onion, ginger and garam masala, served with rice.",Indian,False,50
smoky-pork-curry,Smoky pork curry,"Pork shoulder simmered in a smoky paprika curry sauce with onion, ginger and garam masala, served with rice.",Indian,False,45
lemon-garlic-pork-curry,Lemon garlic pork curry,"Pork shoulder simmered in a bright lemon and garlic curry sauce with onion, ginger and garam masala, served with rice.",Indian,False,35
creamy-pork-curry,Creamy pork curry,"Pork shoulder simmered in a rich, creamy curry sauce with onion, ginger and garam masala, served with rice.",Indian,False,50
honey-ginger-pork-curry,Honey ginger pork curry,"Pork shoulder simmered in a sweet honey and ginger curry sauce with onion, ginger and garam masala, served with rice.",Indian,False,45
spicy-pork-tacos,Spicy pork tacos,"Soft tortillas filled with fiery chili pork shoulder, salsa, lime and shredded cabbage.",Mexican,False,20
smoky-pork-tacos,Smoky pork tacos,"Soft tortillas filled with smoky paprika pork shoulder, salsa, lime and shredded cabbage.",Mexican,False,35
lemon-garlic-pork-tacos,Lemon garlic pork tacos,"Soft tortillas filled with bright lemon and garlic pork shoulder, salsa, lime and shredded cabbage.",Mexican,False,30
creamy-pork-tacos,Creamy pork tacos,"Soft tortillas filled with rich, creamy pork shoulder, salsa, lime and shredded cabbage.",Mexican,False,35
herby-pork-tacos,Herby pork tacos,"Soft tortillas filled with fresh herb pork shoulder, salsa, lime and shredded cabbage.",Mexican,False,15
spicy-pork-stir-fry,Spicy pork stir-fry,"Pork shoulder tossed in a hot wok with vegetables and a fiery chili sauce, served over noodles.",Chinese,False,10
smoky-pork-stir-fry,Smoky pork stir-fry,"Pork shoulder tossed in a hot wok with vegetables and a smoky paprika sauce, served over noodles.",Chinese,False,15
creamy-pork-stir-fry,Creamy pork stir-fry,"Pork shoulder tossed in a hot wok with vegetables and a rich, creamy sauce, served over noodles.",Chinese,False,15
spicy-pork-risotto,Spicy pork risotto,"Creamy arborio rice stirred slowly with pork shoulder, parmesan and a fiery chili finish.",Italian,False,35
smoky-pork-risotto,Smoky pork risotto,"Creamy arborio rice stirred slowly with pork shoulder, parmesan and a smoky paprika finish.",Italian,False,40
lemon-garlic-pork-risotto,Lemon garlic pork risotto,"Creamy arborio rice stirred slowly with pork shoulder, parmesan and a bright lemon and garlic finish.",Italian,False,55
creamy-pork-risotto,Creamy pork risotto,"Creamy arborio rice stirred slowly with pork shoulder, parmesan and a rich, creamy finish.",Italian,False,55
honey-ginger-pork-risotto,Honey ginger pork risotto,"Creamy arborio rice stirred slowly with pork shoulder, parmesan and a sweet honey and ginger finish.",Italian,False,55
herby-pork-risotto,Herby pork risotto,"Creamy arborio rice stirred slowly with pork shoulder, parmesan and a fresh herb finish.",Italian,False,55
spicy-pork-salad,Spicy pork salad,"A fresh bowl of leaves, cucumber and pork shoulder with a fiery chili dressing.",Mediterranean,False,25
smoky-pork-salad,Smoky pork salad,"A fresh bowl of leaves, cucumber and pork shoulder with a smoky paprika dressing.",Mediterranean,False,20
lemon-garlic-pork-salad,Lemon garlic pork salad,"A fresh bowl of leaves, cucumber and pork shoulder with a bright lemon and garlic dressing.",Mediterranean,False,5
honey-ginger-pork-salad,Honey ginger pork salad,"A fresh bowl of leaves, cucumber and pork shoulder with a sweet honey and ginger dressing.",Mediterranean,False,10
herby-pork-salad,Herby pork salad,"A fresh bowl of leaves, cucumber and pork shoulder with a fresh herb dressing.",Mediterranean,False,5
spicy-pork-soup,Spicy pork soup,"A warming pot of pork shoulder and root vegetables in a fiery chili broth, served hot.",French,False,60
smoky-pork-soup,Smoky pork soup,"A warming pot of pork shoulder and root vegetables in a smoky paprika broth, served hot.",French,False,55
lemon-garlic-pork-soup,Lemon garlic pork soup,"A warming pot of pork shoulder and root vegetables in a bright lemon and garlic broth, served hot.",French,False,45
creamy-pork-soup,Creamy pork soup,"A warming pot of pork shoulder and root vegetables in a rich, creamy broth, served hot.",French,False,55
herby-pork-soup,Herby pork soup,"A warming pot of pork shoulder and root vegetables in a fresh herb broth, served hot.",French,False,50
spicy-pork-pasta,Spicy pork pasta,"Pasta tossed with pork shoulder, garlic and a fiery chili sauce, topped with herbs.",Italian,False,35
smoky-pork-pasta,Smoky pork pasta,"Pasta tossed with pork shoulder, garlic and a smoky paprika sauce, topped with herbs.",Italian,False,25
lemon-garlic-pork-pasta,Lemon garlic pork pasta,"Pasta tossed with pork shoulder, garlic and a bright lemon and garlic sauce, topped with herbs.",Italian,False,25
creamy-pork-pasta,Creamy pork pasta,"Pasta tossed with pork shoulder, garlic and a rich, creamy sauce, topped with herbs.",Italian,False,30
honey-ginger-pork-pasta,Honey ginger pork pasta,"Pasta tossed with pork shoulder, garlic and a sweet honey and ginger sauce, topped with herbs.",Italian,False,35
smoky-pork-burger,Smoky pork burger,"A toasted bun with a smoky paprika pork shoulder patty, pickles and crunchy lettuce.",American,False,35
lemon-garlic-pork-burger,Lemon garlic pork burger,"A toasted bun with a bright lemon and garlic pork shoulder patty, pickles and crunchy lettuce.",American,False,20
honey-ginger-pork-burger,Honey ginger pork burger,"A toasted bun with a sweet honey and ginger pork shoulder patty, pickles and crunchy lettuce.",American,False,25
herby-pork-burger,Herby pork burger,"A toasted bun with a fresh herb pork shoulder patty, pickles and crunchy lettuce.",American,False,40
smoky-pork-skewers,Smoky pork skewers,"Pork shoulder threaded on skewers, grilled over high heat and brushed with a smoky paprika glaze.",Greek,False,45
lemon-garlic-pork-skewers,Lemon garlic pork skewers,"Pork shoulder threaded on skewers, grilled over high heat and brushed with a bright lemon and garlic glaze.",Greek,False,40
creamy-pork-skewers,Creamy pork skewers,"Pork shoulder threaded on skewers, grilled over high heat and brushed with a rich, creamy glaze.",Greek,False,30
honey-ginger-pork-skewers,Honey ginger pork skewers,"Pork shoulder threaded on skewers, grilled over high heat and brushed with a sweet honey and ginger glaze.",Greek,False,30
herby-pork-skewers,Herby pork skewers,"Pork shoulder threaded on skewers, grilled over high heat and brushed with a fresh herb glaze.",Greek,False,25
spicy-pork-stew,Spicy pork stew,"Pork shoulder braised slowly with carrots, potatoes and a fiery chili gravy until thick.",British,False,130
smoky-pork-stew,Smoky pork stew,"Pork shoulder braised slowly with carrots, potatoes and a smoky paprika gravy until thick.",British,False,110
lemon-garlic-pork-stew,Lemon garlic pork stew,"Pork shoulder braised slowly with carrots, potatoes and a bright lemon and garlic gravy until thick.",British,False,110
creamy-pork-stew,Creamy pork stew,"Pork shoulder braised slowly with carrots, potatoes and a rich, creamy gravy until thick.",British,False,125
honey-ginger-pork-stew,Honey ginger pork stew,"Pork shoulder braised slowly with carrots, potatoes and a sweet honey and ginger gravy until thick.",British,False,115
herby-pork-stew,Herby pork stew,"Pork shoulder braised slowly with carrots, potatoes and a fresh herb gravy until thick.",British,False,115
smoky-pork-noodle-bowl,Smoky pork noodle bowl,"Noodles in a steaming broth with pork shoulder, spring onions and a smoky paprika kick.",Japanese,False,30
lemon-garlic-pork-noodle-bowl,Lemon garlic pork noodle bowl,"Noodles in a steaming broth with pork shoulder, spring onions and a bright lemon and garlic kick.",Japanese,False,40
creamy-pork-noodle-bowl,Creamy pork noodle bowl,"Noodles in a steaming broth with pork shoulder, spring onions and a rich, creamy kick.",Japanese,False,35
honey-ginger-pork-noodle-bowl,Honey ginger pork noodle bowl,"Noodles in a steaming broth with pork shoulder, spring onions and a sweet honey and ginger kick.",Japanese,False,20
herby-pork-noodle-bowl,Herby pork noodle bowl,"Noodles in a steaming broth with pork shoulder, spring onions and a fresh herb kick.",Japanese,False,40
spicy-pork-wrap,Spicy pork wrap,"Warm flatbread rolled around pork shoulder, hummus, salad and a fiery chili sauce.",Middle Eastern,False,30
lemon-garlic-pork-wrap,Lemon garlic pork wrap,"Warm flatbread rolled around pork shoulder, hummus, salad and a bright lemon and garlic sauce.",Middle Eastern,False,20
honey-ginger-pork-wrap,Honey ginger pork wrap,"Warm flatbread rolled around pork shoulder, hummus, salad and a sweet honey and ginger sauce.",Middle Eastern,False,30
spicy-pork-traybake,Spicy pork traybake,Pork shoulder and vegetables roasted together on one tray with a fiery chili seasoning.,British,False,45
lemon-garlic-pork-traybake,Lemon garlic pork traybake,Pork shoulder and vegetables roasted together on one tray with a bright lemon and garlic seasoning.,British,False,60
creamy-pork-traybake,Creamy pork traybake,"Pork shoulder and vegetables roasted together on one tray with a rich, creamy seasoning.",British,False,50
honey-ginger-pork-traybake,Honey ginger pork traybake,Pork shoulder and vegetables roasted together on one tray with a sweet honey and ginger seasoning.,British,False,65
herby-pork-traybake,Herby pork traybake,Pork shoulder and vegetables roasted together on one tray with a fresh herb seasoning.,British,False,55
spicy-pork-fried-rice,Spicy pork fried rice,"Day-old rice fried with egg, peas and pork shoulder in a fiery chili sauce.",Chinese,False,25
smoky-pork-fried-rice,Smoky pork fried rice,"Day-old rice fried with egg, peas and pork shoulder in a smoky paprika sauce.",Chinese,False,20
lemon-garlic-pork-fried-rice,Lemon garlic pork fried rice,"Day-old rice fried with egg, peas and pork shoulder in a bright lemon and garlic sauce.",Chinese,False,20
honey-ginger-pork-fried-rice,Honey ginger pork fried rice,"Day-old rice fried with egg, peas and pork shoulder in a sweet honey and ginger sauce.",Chinese,False,10
herby-pork-fried-rice,Herby pork fried rice,"Day-old rice fried with egg, peas and pork shoulder in a fresh herb sauce.",Chinese,False,30
spicy-pork-pie,Spicy pork pie,"Pork shoulder in a fiery chili filling under a golden, flaky pastry lid.",British,False,70
smoky-pork-pie,Smoky pork pie,"Pork shoulder in a smoky paprika filling under a golden, flaky pastry lid.",British,False,75
lemon-garlic-pork-pie,Lemon garlic pork pie,"Pork shoulder in a bright lemon and garlic filling under a golden, flaky pastry lid.",British,False,70
creamy-pork-pie,Creamy pork pie,"Pork shoulder in a rich, creamy filling under a golden, flaky pastry lid.",British,False,70
herby-pork-pie,Herby pork pie,"Pork shoulder in a fresh herb filling under a golden, flaky pastry lid.",British,False,65
spicy-pork-green-curry,Spicy pork green curry,Pork shoulder cooked in coconut milk with green curry paste and a fiery chili edge.,Thai,False,45
smoky-pork-green-curry,Smoky pork green curry,Pork shoulder cooked in coconut milk with green curry paste and a smoky paprika edge.,Thai,False,35
creamy-pork-green-curry,Creamy pork green curry,"Pork shoulder cooked in coconut milk with green curry paste and a rich, creamy edge.",Thai,False,35
honey-ginger-pork-green-curry,Honey ginger pork green curry,Pork shoulder cooked in coconut milk with green curry paste and a sweet honey and ginger edge.,Thai,False,40
herby-pork-green-curry,Herby pork green curry,Pork shoulder cooked in coconut milk with green curry paste and a fresh herb edge.,Thai,False,25
smoky-pork-enchiladas,Smoky pork enchiladas,"Tortillas rolled around pork shoulder, covered with a smoky paprika sauce and cheese, then baked.",Mexican,False,40
creamy-pork-enchiladas,Creamy pork enchiladas,"Tortillas rolled around pork shoulder, covered with a rich, creamy sauce and cheese, then baked.",Mexican,False,50
honey-ginger-pork-enchiladas,Honey ginger pork enchiladas,"Tortillas rolled around pork shoulder, covered with a sweet honey and ginger sauce and cheese, then baked.",Mexican,False,60
herby-pork-enchiladas,Herby pork enchiladas,"Tortillas rolled around pork shoulder, covered with a fresh herb sauce and cheese, then baked.",Mexican,False,40
spicy-pork-flatbread,Spicy pork flatbread,"Crisp flatbread topped with pork shoulder, yogurt and a fiery chili drizzle.",Middle Eastern,False,35
smoky-pork-flatbread,Smoky pork flatbread,"Crisp flatbread topped with pork shoulder, yogurt and a smoky paprika drizzle.",Middle Eastern,False,25
spicy-lamb-curry,Spicy lamb curry,"Lamb simmered in a fiery chili curry sauce with onion, ginger and garam masala, served with rice.",Indian,False,30
smoky-lamb-curry,Smoky lamb curry,"Lamb simmered in a smoky paprika curry sauce with onion, ginger and garam masala, served with rice.",Indian,False,45
lemon-garlic-lamb-curry,Lemon garlic lamb curry,"Lamb simmered in a bright lemon and garlic curry sauce with onion, ginger and garam masala, served with rice.",Indian,False,35
creamy-lamb-curry,Creamy lamb curry,"Lamb simmered in a rich, creamy curry sauce with onion, ginger and garam masala, served with rice.",Indian,False,45
honey-ginger-lamb-curry,Honey ginger lamb curry,"Lamb simmered in a sweet honey and ginger curry sauce with onion, ginger and garam masala, served with rice.",Indian,False,40
herby-lamb-curry,Herby lamb curry,"Lamb simmered in a fresh herb curry sauce with onion, ginger and garam masala, served with rice.",Indian,False,50
smoky-lamb-tacos,Smoky lamb tacos,"Soft tortillas filled with smoky paprika lamb, salsa, lime and shredded cabbage.",Mexican,False,15
creamy-lamb-tacos,Creamy lamb tacos,"Soft tortillas filled with rich, creamy lamb, salsa, lime and shredded cabbage.",Mexican,False,20
honey-ginger-lamb-tacos,Honey ginger lamb tacos,"Soft tortillas filled with sweet honey and ginger lamb, salsa, lime and shredded cabbage.",Mexican,False,35
herby-lamb-tacos,Herby lamb tacos,"Soft tortillas filled with fresh herb lamb, salsa, lime and shredded cabbage.",Mexican,False,30
spicy-lamb-stir-fry,Spicy lamb stir-fry,"Lamb tossed in a hot wok with vegetables and a fiery chili sauce, served over noodles.",Chinese,False,10
smoky-lamb-stir-fry,Smoky lamb stir-fry,"Lamb tossed in a hot wok with vegetables and a smoky paprika sauce, served over noodles.",Chinese,False,20
lemon-garlic-lamb-stir-fry,Lemon garlic lamb stir-fry,"Lamb tossed in a hot wok with vegetables and a bright lemon and garlic sauce, served over noodles.",Chinese,False,10
creamy-lamb-stir-fry,Creamy lamb stir-fry,"Lamb tossed in a hot wok with vegetables and a rich, creamy sauce, served over noodles.",Chinese,False,10
honey-ginger-lamb-stir-fry,Honey ginger lamb stir-fry,"Lamb tossed in a hot wok with vegetables and a sweet honey and ginger sauce, served over noodles.",Chinese,False,30
herby-lamb-stir-fry,Herby lamb stir-fry,"Lamb tossed in a hot wok with vegetables and a fresh herb sauce, served over noodles.",Chinese,False,20
spicy-lamb-risotto,Spicy lamb risotto,"Creamy arborio rice stirred slowly with lamb, parmesan and a fiery chili finish.",Italian,False,55
smoky-lamb-risotto,Smoky lamb risotto,"Creamy arborio rice stirred slowly with lamb, parmesan and a smoky paprika finish.",Italian,False,45
lemon-garlic-lamb-risotto,Lemon garlic lamb risotto,"Creamy arborio rice stirred slowly with lamb, parmesan and a bright lemon and garlic finish.",Italian,False,55
honey-ginger-lamb-risotto,Honey ginger lamb risotto,"Creamy arborio rice stirred slowly with lamb, parmesan and a sweet honey and ginger finish.",Italian,False,40
herby-lamb-risotto,Herby lamb risotto,"Creamy arborio rice stirred slowly with lamb, parmesan and a fresh herb finish.",Italian,False,50
spicy-lamb-salad,Spicy lamb salad,"A fresh bowl of leaves, cucumber and lamb with a fiery chili dressing.",Mediterranean,False,25
lemon-garlic-lamb-salad,Lemon garlic lamb salad,"A fresh bowl of leaves, cucumber and lamb with a bright lemon and garlic dressing.",Mediterranean,False,10
honey-ginger-lamb-salad,Honey ginger lamb salad,"A fresh bowl of leaves, cucumber and lamb with a sweet honey and ginger dressing.",Mediterranean,False,15
herby-lamb-salad,Herby lamb salad,"A fresh bowl of leaves, cucumber and lamb with a fresh herb dressing.",Mediterranean,False,5
spicy-lamb-soup,Spicy lamb soup,"A warming pot of lamb and root vegetables in a fiery chili broth, served hot.",French,False,45
lemon-garlic-lamb-soup,Lemon garlic lamb soup,"A warming pot of lamb and root vegetables in a bright lemon and garlic broth, served hot.",French,False,55
creamy-lamb-soup,Creamy lamb soup,"A warming pot of lamb and root vegetables in a rich, creamy broth, served hot.",French,False,60
honey-ginger-lamb-soup,Honey ginger lamb soup,"A warming pot of lamb and root vegetables in a sweet honey and ginger broth, served hot.",French,False,55
herby-lamb-soup,Herby lamb soup,"A warming pot of lamb and root vegetables in a fresh herb broth, served hot.",French,False,45
spicy-lamb-pasta,Spicy lamb pasta,"Pasta tossed with lamb, garlic and a fiery chili sauce, topped with herbs.",Italian,False,35
smoky-lamb-pasta,Smoky lamb pasta,"Pasta tossed with lamb, garlic and a smoky paprika sauce, topped with herbs.",Italian,False,35
lemon-garlic-lamb-pasta,Lemon garlic lamb pasta,"Pasta tossed with lamb, garlic and a bright lemon and garlic sauce, topped with herbs.",Italian,False,35
creamy-lamb-pasta,Creamy lamb pasta,"Pasta tossed with lamb, garlic and a rich, creamy sauce, topped with herbs.",Italian,False,35
honey-ginger-lamb-pasta,Honey ginger lamb pasta,"Pasta tossed with lamb, garlic and a sweet honey and ginger sauce, topped with herbs.",Italian,False,30
herby-lamb-pasta,Herby lamb pasta,"Pasta tossed with lamb, garlic and a fresh herb sauce, topped with herbs.",Italian,False,20
spicy-lamb-burger,Spicy lamb burger,"A toasted bun with a fiery chili lamb patty, pickles and crunchy lettuce.",American,False,20
smoky-lamb-burger,Smoky lamb burger,"A toasted bun with a smoky paprika lamb patty, pickles and crunchy lettuce.",American,False,25
lemon-garlic-lamb-burger,Lemon garlic lamb burger,"A toasted bun with a bright lemon and garlic lamb patty, pickles and crunchy lettuce.",American,False,35
creamy-lamb-burger,Creamy lamb burger,"A toasted bun with a rich, creamy lamb patty, pickles and crunchy lettuce.",American,False,20
honey-ginger-lamb-burger,Honey ginger lamb burger,"A toasted bun with a sweet honey and ginger lamb patty, pickles and crunchy lettuce.",American,False,30
herby-lamb-burger,Herby lamb burger,"A toasted bun with a fresh herb lamb patty, pickles and crunchy lettuce.",American,False,25
spicy-lamb-skewers,Spicy lamb skewers,"Lamb threaded on skewers, grilled over high heat and brushed with a fiery chili glaze.",Greek,False,25
smoky-lamb-skewers,Smoky lamb skewers,"Lamb threaded on skewers, grilled over high heat and brushed with a smoky paprika glaze.",Greek,False,40
lemon-garlic-lamb-skewers,Lemon garlic lamb skewers,"Lamb threaded on skewers, grilled over high heat and brushed with a bright lemon and garlic glaze.",Greek,False,30
creamy-lamb-skewers,Creamy lamb skewers,"Lamb threaded on skewers, grilled over high heat and brushed with a rich, creamy glaze.",Greek,False,45
honey-ginger-lamb-skewers,Honey ginger lamb skewers,"Lamb threaded on skewers, grilled over high heat and brushed with a sweet honey and ginger glaze.",Greek,False,25
herby-lamb-skewers,Herby lamb skewers,"Lamb threaded on skewers, grilled over high heat and brushed with a fresh herb glaze.",Greek,False,40
spicy-lamb-stew,Spicy lamb stew,"Lamb braised slowly with carrots, potatoes and a fiery chili gravy until thick.",British,False,130
lemon-garlic-lamb-stew,Lemon garlic lamb stew,"Lamb braised slowly with carrots, potatoes and a bright lemon and garlic gravy until thick.",British,False,125
creamy-lamb-stew,Creamy lamb stew,"Lamb braised slowly with carrots, potatoes and a rich, creamy gravy until thick.",British,False,125
herby-lamb-stew,Herby lamb stew,"Lamb braised slowly with carrots, potatoes and a fresh herb gravy until thick.",British,False,115
smoky-lamb-noodle-bowl,Smoky lamb noodle bowl,"Noodles in a steaming broth with lamb, spring onions and a smoky paprika kick.",Japanese,False,40
lemon-garlic-lamb-noodle-bowl,Lemon garlic lamb noodle bowl,"Noodles in a steaming broth with lamb, spring onions and a bright lemon and garlic kick.",Japanese,False,20
honey-ginger-lamb-noodle-bowl,Honey ginger lamb noodle bowl,"Noodles in a steaming broth with lamb, spring onions and a sweet honey and ginger kick.",Japanese,False,30
spicy-lamb-wrap,Spicy lamb wrap,"Warm flatbread rolled around lamb, hummus, salad and a fiery chili sauce.",Middle Eastern,False,10
smoky-lamb-wrap,Smoky lamb wrap,"Warm flatbread rolled around lamb, hummus, salad and a smoky paprika sauce.",Middle Eastern,False,25
lemon-garlic-lamb-wrap,Lemon garlic lamb wrap,"Warm flatbread rolled around lamb, hummus, salad and a bright lemon and garlic sauce.",Middle Eastern,False,25
creamy-lamb-wrap,Creamy lamb wrap,"Warm flatbread rolled around lamb, hummus, salad and a rich, creamy sauce.",Middle Eastern,False,20
honey-ginger-lamb-wrap,Honey ginger lamb wrap,"Warm flatbread rolled around lamb, hummus, salad and a sweet honey and ginger sauce.",Middle Eastern,False,25
spicy-lamb-traybake,Spicy lamb traybake,Lamb and vegetables roasted together on one tray with a fiery chili seasoning.,British,False,60
smoky-lamb-traybake,Smoky lamb traybake,Lamb and vegetables roasted together on one tray with a smoky paprika seasoning.,British,False,65
lemon-garlic-lamb-traybake,Lemon garlic lamb traybake,Lamb and vegetables roasted together on one tray with a bright lemon and garlic seasoning.,British,False,65
honey-ginger-lamb-traybake,Honey ginger lamb traybake,Lamb and vegetables roasted together on one tray with a sweet honey and ginger seasoning.,British,False,65
herby-lamb-traybake,Herby lamb traybake,Lamb and vegetables roasted together on one tray with a fresh herb seasoning.,British,False,60
spicy-lamb-fried-rice,Spicy lamb fried rice,"Day-old rice fried with egg, peas and lamb in a fiery chili sauce.",Chinese,False,15
smoky-lamb-fried-rice,Smoky lamb fried rice,"Day-old rice fried with egg, peas and lamb in a smoky paprika sauce.",Chinese,False,30
creamy-lamb-fried-rice,Creamy lamb fried rice,"Day-old rice fried with egg, peas and lamb in a rich, creamy sauce.",Chinese,False,15
honey-ginger-lamb-fried-rice,Honey ginger lamb fried rice,"Day-old rice fried with egg, peas and lamb in a sweet honey and ginger sauce.",Chinese,False,15
herby-lamb-fried-rice,Herby lamb fried rice,"Day-old rice fried with egg, peas and lamb in a fresh herb sauce.",Chinese,False,15
spicy-lamb-pie,Spicy lamb pie,"Lamb in a fiery chili filling under a golden, flaky pastry lid.",British,False,80
smoky-lamb-pie,Smoky lamb pie,"Lamb in a smoky paprika filling under a golden, flaky pastry lid.",British,False,70
lemon-garlic-lamb-pie,Lemon garlic lamb pie,"Lamb in a bright lemon and garlic filling under a golden, flaky pastry lid.",British,False,85
creamy-lamb-pie,Creamy lamb pie,"Lamb in a rich, creamy filling under a golden, flaky pastry lid.",British,False,85
honey-ginger-lamb-pie,Honey ginger lamb pie,"Lamb in a sweet honey and ginger filling under a golden, flaky pastry lid.",British,False,80
herby-lamb-pie,Herby lamb pie,"Lamb in a fresh herb filling under a golden, flaky pastry lid.",British,False,85
spicy-lamb-green-curry,Spicy lamb green curry,Lamb cooked in coconut milk with green curry paste and a fiery chili edge.,Thai,False,35
lemon-garlic-lamb-green-curry,Lemon garlic lamb green curry,Lamb cooked in coconut milk with green curry paste and a bright lemon and garlic edge.,Thai,False,25
creamy-lamb-green-curry,Creamy lamb green curry,"Lamb cooked in coconut milk with green curry paste and a rich, creamy edge.",Thai,False,45
honey-ginger-lamb-green-curry,Honey ginger lamb green curry,Lamb cooked in coconut milk with green curry paste and a sweet honey and ginger edge.,Thai,False,40
herby-lamb-green-curry,Herby lamb green curry,Lamb cooked in coconut milk with green curry paste and a fresh herb edge.,Thai,False,40
spicy-lamb-enchiladas,Spicy lamb enchiladas,"Tortillas rolled around lamb, covered with a fiery chili sauce and cheese, then baked.",Mexican,False,50
smoky-lamb-enchiladas,Smoky lamb enchiladas,"Tortillas rolled around lamb, covered with a smoky paprika sauce and cheese, then baked.",Mexican,False,40
lemon-garlic-lamb-enchiladas,Lemon garlic lamb enchiladas,"Tortillas rolled around lamb, covered with a bright lemon and garlic sauce and cheese, then baked.",Mexican,False,55
creamy-lamb-enchiladas,Creamy lamb enchiladas,"Tortillas rolled around lamb, covered with a rich, creamy sauce and cheese, then baked.",Mexican,False,55
honey-ginger-lamb-enchiladas,Honey ginger lamb enchiladas,"Tortillas rolled around lamb, covered with a sweet honey and ginger sauce and cheese, then baked.",Mexican,False,50
herby-lamb-enchiladas,Herby lamb enchiladas,"Tortillas rolled around lamb, covered with a fresh herb sauce and cheese, then baked.",Mexican,False,45
spicy-lamb-flatbread,Spicy lamb flatbread,"Crisp flatbread topped with lamb, yogurt and a fiery chili drizzle.",Middle Eastern,False,35
smoky-lamb-flatbread,Smoky lamb flatbread,"Crisp flatbread topped with lamb, yogurt and a smoky paprika drizzle.",Middle Eastern,False,20
creamy-lamb-flatbread,Creamy lamb flatbread,"Crisp flatbread topped with lamb, yogurt and a rich, creamy drizzle.",Middle Eastern,False,20
honey-ginger-lamb-flatbread,Honey ginger lamb flatbread,"Crisp flatbread topped with lamb, yogurt and a sweet honey and ginger drizzle.",Middle Eastern,False,20
herby-lamb-flatbread,Herby lamb flatbread,"Crisp flatbread topped with lamb, yogurt and a fresh herb drizzle.",Middle Eastern,False,35
spicy-salmon-curry,Spicy salmon curry,"Salmon fillets simmered in a fiery chili curry sauce with onion, ginger and garam masala, served with rice.",Indian,False,35
smoky-salmon-curry,Smoky salmon curry,"Salmon fillets simmered in a smoky paprika curry sauce with onion, ginger and garam masala, served with rice.",Indian,False,40
honey-ginger-salmon-curry,Honey ginger salmon curry,"Salmon fillets simmered in a sweet honey and ginger curry sauce with onion, ginger and garam masala, served with rice.",Indian,False,35
lemon-garlic-salmon-tacos,Lemon garlic salmon tacos,"Soft tortillas filled with bright lemon and garlic salmon fillets, salsa, lime and shredded cabbage.",Mexican,False,20
honey-ginger-salmon-tacos,Honey ginger salmon tacos,"Soft tortillas filled with sweet honey and ginger salmon fillets, salsa, lime and shredded cabbage.",Mexican,False,15
herby-salmon-tacos,Herby salmon tacos,"Soft tortillas filled with fresh herb salmon fillets, salsa, lime and shredded cabbage.",Mexican,False,35
smoky-salmon-stir-fry,Smoky salmon stir-fry,"Salmon fillets tossed in a hot wok with vegetables and a smoky paprika sauce, served over noodles.",Chinese,False,30
creamy-salmon-stir-fry,Creamy salmon stir-fry,"Salmon fillets tossed in a hot wok with vegetables and a rich, creamy sauce, served over noodles.",Chinese,False,25
honey-ginger-salmon-stir-fry,Honey ginger salmon stir-fry,"Salmon fillets tossed in a hot wok with vegetables and a sweet honey and ginger sauce, served over noodles.",Chinese,False,20
herby-salmon-stir-fry,Herby salmon stir-fry,"Salmon fillets tossed in a hot wok with vegetables and a fresh herb sauce, served over noodles.",Chinese,False,25
spicy-salmon-risotto,Spicy salmon risotto,"Creamy arborio rice stirred slowly with salmon fillets, parmesan and a fiery chili finish.",Italian,False,40
smoky-salmon-risotto,Smoky salmon risotto,"Creamy arborio rice stirred slowly with salmon fillets, parmesan and a smoky paprika finish.",Italian,False,35
lemon-garlic-salmon-risotto,Lemon garlic salmon risotto,"Creamy arborio rice stirred slowly with salmon fillets, parmesan and a bright lemon and garlic finish.",Italian,False,35
creamy-salmon-risotto,Creamy salmon risotto,"Creamy arborio rice stirred slowly with salmon fillets, parmesan and a rich, creamy finish.",Italian,False,45
herby-salmon-risotto,Herby salmon risotto,"Creamy arborio rice stirred slowly with salmon fillets, parmesan and a fresh herb finish.",Italian,False,50
spicy-salmon-salad,Spicy salmon salad,"A fresh bowl of leaves, cucumber and salmon fillets with a fiery chili dressing.",Mediterranean,False,25
smoky-salmon-salad,Smoky salmon salad,"A fresh bowl of leaves, cucumber and salmon fillets with a smoky paprika dressing.",Mediterranean,False,10
lemon-garlic-salmon-salad,Lemon garlic salmon salad,"A fresh bowl of leaves, cucumber and salmon fillets with a bright lemon and garlic dressing.",Mediterranean,False,15
creamy-salmon-salad,Creamy salmon salad,"A fresh bowl of leaves, cucumber and salmon fillets with a rich, creamy dressing.",Mediterranean,False,15
herby-salmon-salad,Herby salmon salad,"A fresh bowl of leaves, cucumber and salmon fillets with a fresh herb dressing.",Mediterranean,False,15
spicy-salmon-soup,Spicy salmon soup,"A warming pot of salmon fillets and root vegetables in a fiery chili broth, served hot.",French,False,50
smoky-salmon-soup,Smoky salmon soup,"A warming pot of salmon fillets and root vegetables in a smoky paprika broth, served hot.",French,False,60
creamy-salmon-soup,Creamy salmon soup,"A warming pot of salmon fillets and root vegetables in a rich, creamy broth, served hot.",French,False,45
spicy-salmon-pasta,Spicy salmon pasta,"Pasta tossed with salmon fillets, garlic and a fiery chili sauce, topped with herbs.",Italian,False,30
creamy-salmon-pasta,Creamy salmon pasta,"Pasta tossed with salmon fillets, garlic and a rich, creamy sauce, topped with herbs.",Italian,False,15
herby-salmon-pasta,Herby salmon pasta,"Pasta tossed with salmon fillets, garlic and a fresh herb sauce, topped with herbs.",Italian,False,15
smoky-salmon-burger,Smoky salmon burger,"A toasted bun with a smoky paprika salmon fillets patty, pickles and crunchy lettuce.",American,False,40
lemon-garlic-salmon-burger,Lemon garlic salmon burger,"A toasted bun with a bright lemon and garlic salmon fillets patty, pickles and crunchy lettuce.",American,False,20
creamy-salmon-burger,Creamy salmon burger,"A toasted bun with a rich, creamy salmon fillets patty, pickles and crunchy lettuce.",American,False,20
herby-salmon-burger,Herby salmon burger,"A toasted bun with a fresh herb salmon fillets patty, pickles and crunchy lettuce.",American,False,35
spicy-salmon-skewers,Spicy salmon skewers,"Salmon fillets threaded on skewers, grilled over high heat and brushed with a fiery chili glaze.",Greek,False,40
smoky-salmon-skewers,Smoky salmon skewers,"Salmon fillets threaded on skewers, grilled over high heat and brushed with a smoky paprika glaze.",Greek,False,35
lemon-garlic-salmon-skewers,Lemon garlic salmon skewers,"Salmon fillets threaded on skewers, grilled over high heat and brushed with a bright lemon and garlic glaze.",Greek,False,45
honey-ginger-salmon-skewers,Honey ginger salmon skewers,"Salmon fillets threaded on skewers, grilled over high heat and brushed with a sweet honey and ginger glaze.",Greek,False,35
herby-salmon-skewers,Herby salmon skewers,"Salmon fillets threaded on skewers, grilled over high heat and brushed with a fresh herb glaze.",Greek,False,25
spicy-salmon-stew,Spicy salmon stew,"Salmon fillets braised slowly with carrots, potatoes and a fiery chili gravy until thick.",British,False,130
smoky-salmon-stew,Smoky salmon stew,"Salmon fillets braised slowly with carrots, potatoes and a smoky paprika gravy until thick.",British,False,115
creamy-salmon-stew,Creamy salmon stew,"Salmon fillets braised slowly with carrots, potatoes and a rich, creamy gravy until thick.",British,False,130
honey-ginger-salmon-stew,Honey ginger salmon stew,"Salmon fillets braised slowly with carrots, potatoes and a sweet honey and ginger gravy until thick.",British,False,115
herby-salmon-stew,Herby salmon stew,"Salmon fillets braised slowly with carrots, potatoes and a fresh herb gravy until thick.",British,False,110
spicy-salmon-noodle-bowl,Spicy salmon noodle bowl,"Noodles in a steaming broth with salmon fillets, spring onions and a fiery chili kick.",Japanese,False,30
lemon-garlic-salmon-noodle-bowl,Lemon garlic salmon noodle bowl,"Noodles in a steaming broth with salmon fillets, spring onions and a bright lemon and garlic kick.",Japanese,False,25
creamy-salmon-noodle-bowl,Creamy salmon noodle bowl,"Noodles in a steaming broth with salmon fillets, spring onions and a rich, creamy kick.",Japanese,False,30
honey-ginger-salmon-noodle-bowl,Honey ginger salmon noodle bowl,"Noodles in a steaming broth with salmon fillets, spring onions and a sweet honey and ginger kick.",Japanese,False,35
herby-salmon-noodle-bowl,Herby salmon noodle bowl,"Noodles in a steaming broth with salmon fillets, spring onions and a fresh herb kick.",Japanese,False,40
spicy-salmon-wrap,Spicy salmon wrap,"Warm flatbread rolled around salmon fillets, hummus, salad and a fiery chili sauce.",Middle Eastern,False,15
lemon-garlic-salmon-wrap,Lemon garlic salmon wrap,"Warm flatbread rolled around salmon fillets, hummus, salad and a bright lemon and garlic sauce.",Middle Eastern,False,25
honey-ginger-salmon-wrap,Honey ginger salmon wrap,"Warm flatbread rolled around salmon fillets, hummus, salad and a sweet honey and ginger sauce.",Middle Eastern,False,20
herby-salmon-wrap,Herby salmon wrap,"Warm flatbread rolled around salmon fillets, hummus, salad and a fresh herb sauce.",Middle Eastern,False,25
spicy-salmon-traybake,Spicy salmon traybake,Salmon fillets and vegetables roasted together on one tray with a fiery chili seasoning.,British,False,45
lemon-garlic-salmon-traybake,Lemon garlic salmon traybake,Salmon fillets and vegetables roasted together on one tray with a bright lemon and garlic seasoning.,British,False,50
creamy-salmon-traybake,Creamy salmon traybake,"Salmon fillets and vegetables roasted together on one tray with a rich, creamy seasoning.",British,False,65
honey-ginger-salmon-traybake,Honey ginger salmon traybake,Salmon fillets and vegetables roasted together on one tray with a sweet honey and ginger seasoning.,British,False,50
herby-salmon-traybake,Herby salmon traybake,Salmon fillets and vegetables roasted together on one tray with a fresh herb seasoning.,British,False,50
lemon-garlic-salmon-fried-rice,Lemon garlic salmon fried rice,"Day-old rice fried with egg, peas and salmon fillets in a bright lemon and garlic sauce.",Chinese,False,10
creamy-salmon-fried-rice,Creamy salmon fried rice,"Day-old rice fried with egg, peas and salmon fillets in a rich, creamy sauce.",Chinese,False,30
herby-salmon-fried-rice,Herby salmon fried rice,"Day-old rice fried with egg, peas and salmon fillets in a fresh herb sauce.",Chinese,False,25
spicy-salmon-pie,Spicy salmon pie,"Salmon fillets in a fiery chili filling under a golden, flaky pastry lid.",British,False,70
smoky-salmon-pie,Smoky salmon pie,"Salmon fillets in a smoky paprika filling under a golden, flaky pastry lid.",British,False,65
lemon-garlic-salmon-pie,Lemon garlic salmon pie,"Salmon fillets in a bright lemon and garlic filling under a golden, flaky pastry lid.",British,False,85
creamy-salmon-pie,Creamy salmon pie,"Salmon fillets in a rich, creamy filling under a golden, flaky pastry lid.",British,False,80
honey-ginger-salmon-pie,Honey ginger salmon pie,"Salmon fillets in a sweet honey and ginger filling under a golden, flaky pastry lid.",British,False,65
herby-salmon-pie,Herby salmon pie,"Salmon fillets in a fresh herb filling under a golden, flaky pastry lid.",British,False,75
spicy-salmon-green-curry,Spicy salmon green curry,Salmon fillets cooked in coconut milk with green curry paste and a fiery chili edge.,Thai,False,35
smoky-salmon-green-curry,Smoky salmon green curry,Salmon fillets cooked in coconut milk with green curry paste and a smoky paprika edge.,Thai,False,45
herby-salmon-green-curry,Herby salmon green curry,Salmon fillets cooked in coconut milk with green curry paste and a fresh herb edge.,Thai,False,45
spicy-salmon-enchiladas,Spicy salmon enchiladas,"Tortillas rolled around salmon fillets, covered with a fiery chili sauce and cheese, then baked.",Mexican,False,45
smoky-salmon-enchiladas,Smoky salmon enchiladas,"Tortillas rolled around salmon fillets, covered with a smoky paprika sauce and cheese, then baked.",Mexican,False,50
lemon-garlic-salmon-enchiladas,Lemon garlic salmon enchiladas,"Tortillas rolled around salmon fillets, covered with a bright lemon and garlic sauce and cheese, then baked.",Mexican,False,40
creamy-salmon-enchiladas,Creamy salmon enchiladas,"Tortillas rolled around salmon fillets, covered with a rich, creamy sauce and cheese, then baked.",Mexican,False,55
honey-ginger-salmon-enchiladas,Honey ginger salmon enchiladas,"Tortillas rolled around salmon fillets, covered with a sweet honey and ginger sauce and cheese, then baked.",Mexican,False,55
herby-salmon-enchiladas,Herby salmon enchiladas,"Tortillas rolled around salmon fillets, covered with a fresh herb sauce and cheese, then baked.",Mexican,False,55
smoky-salmon-flatbread,Smoky salmon flatbread,"Crisp flatbread topped with salmon fillets, yogurt and a smoky paprika drizzle.",Middle Eastern,False,30
lemon-garlic-salmon-flatbread,Lemon garlic salmon flatbread,"Crisp flatbread topped with salmon fillets, yogurt and a bright lemon and garlic drizzle.",Middle Eastern,False,15
honey-ginger-salmon-flatbread,Honey ginger salmon flatbread,"Crisp flatbread topped with salmon fillets, yogurt and a sweet honey and ginger drizzle.",Middle Eastern,False,25
herby-salmon-flatbread,Herby salmon flatbread,"Crisp flatbread topped with salmon fillets, yogurt and a fresh herb drizzle.",Middle Eastern,False,15
spicy-shrimp-curry,Spicy shrimp curry,"Juicy shrimp simmered in a fiery chili curry sauce with onion, ginger and garam masala, served with rice.",Indian,False,45
smoky-shrimp-curry,Smoky shrimp curry,"Juicy shrimp simmered in a smoky paprika curry sauce with onion, ginger and garam masala, served with rice.",Indian,False,50
lemon-garlic-shrimp-curry,Lemon garlic shrimp curry,"Juicy shrimp simmered in a bright lemon and garlic curry sauce with onion, ginger and garam masala, served with rice.",Indian,False,50
creamy-shrimp-curry,Creamy shrimp curry,"Juicy shrimp simmered in a rich, creamy curry sauce with onion, ginger and garam masala, served with rice.",Indian,False,45
honey-ginger-shrimp-curry,Honey ginger shrimp curry,"Juicy shrimp simmered in a sweet honey and ginger curry sauce with onion, ginger and garam masala, served with rice.",Indian,False,30
spicy-shrimp-tacos,Spicy shrimp tacos,"Soft tortillas filled with fiery chili juicy shrimp, salsa, lime and shredded cabbage.",Mexican,False,30
creamy-shrimp-tacos,Creamy shrimp tacos,"Soft tortillas filled with rich, creamy juicy shrimp, salsa, lime and shredded cabbage.",Mexican,False,15
honey-ginger-shrimp-tacos,Honey ginger shrimp tacos,"Soft tortillas filled with sweet honey and ginger juicy shrimp, salsa, lime and shredded cabbage.",Mexican,False,35
spicy-shrimp-stir-fry,Spicy shrimp stir-fry,"Juicy shrimp tossed in a hot wok with vegetables and a fiery chili sauce, served over noodles.",Chinese,False,30
smoky-shrimp-stir-fry,Smoky shrimp stir-fry,"Juicy shrimp tossed in a hot wok with vegetables and a smoky paprika sauce, served over noodles.",Chinese,False,30
lemon-garlic-shrimp-stir-fry,Lemon garlic shrimp stir-fry,"Juicy shrimp tossed in a hot wok with vegetables and a bright lemon and garlic sauce, served over noodles.",Chinese,False,10
creamy-shrimp-stir-fry,Creamy shrimp stir-fry,"Juicy shrimp tossed in a hot wok with vegetables and a rich, creamy sauce, served over noodles.",Chinese,False,20
honey-ginger-shrimp-stir-fry,Honey ginger shrimp stir-fry,"Juicy shrimp tossed in a hot wok with vegetables and a sweet honey and ginger sauce, served over noodles.",Chinese,False,15
herby-shrimp-stir-fry,Herby shrimp stir-fry,"Juicy shrimp tossed in a hot wok with vegetables and a fresh herb sauce, served over noodles.",Chinese,False,15
spicy-shrimp-risotto,Spicy shrimp risotto,"Creamy arborio rice stirred slowly with juicy shrimp, parmesan and a fiery chili finish.",Italian,False,35
smoky-shrimp-risotto,Smoky shrimp risotto,"Creamy arborio rice stirred slowly with juicy shrimp, parmesan and a smoky paprika finish.",Italian,False,55
lemon-garlic-shrimp-risotto,Lemon garlic shrimp risotto,"Creamy arborio rice stirred slowly with juicy shrimp, parmesan and a bright lemon and garlic finish.",Italian,False,50
honey-ginger-shrimp-risotto,Honey ginger shrimp risotto,"Creamy arborio rice stirred slowly with juicy shrimp, parmesan and a sweet honey and ginger finish.",Italian,False,55
herby-shrimp-risotto,Herby shrimp risotto,"Creamy arborio rice stirred slowly with juicy shrimp, parmesan and a fresh herb finish.",Italian,False,35
smoky-shrimp-salad,Smoky shrimp salad,"A fresh bowl of leaves, cucumber and juicy shrimp with a smoky paprika dressing.",Mediterranean,False,20
lemon-garlic-shrimp-salad,Lemon garlic shrimp salad,"A fresh bowl of leaves, cucumber and juicy shrimp with a bright lemon and garlic dressing.",Mediterranean,False,25
creamy-shrimp-salad,Creamy shrimp salad,"A fresh bowl of leaves, cucumber and juicy shrimp with a rich, creamy dressing.",Mediterranean,False,5
honey-ginger-shrimp-salad,Honey ginger shrimp salad,"A fresh bowl of leaves, cucumber and juicy shrimp with a sweet honey and ginger dressing.",Mediterranean,False,25
herby-shrimp-salad,Herby shrimp salad,"A fresh bowl of leaves, cucumber and juicy shrimp with a fresh herb dressing.",Mediterranean,False,20
spicy-shrimp-soup,Spicy shrimp soup,"A warming pot of juicy shrimp and root vegetables in a fiery chili broth, served hot.",French,False,45
smoky-shrimp-soup,Smoky shrimp soup,"A warming pot of juicy shrimp and root vegetables in a smoky paprika broth, served hot.",French,False,55
lemon-garlic-shrimp-soup,Lemon garlic shrimp soup,"A warming pot of juicy shrimp and root vegetables in a bright lemon and garlic broth, served hot.",French,False,50
creamy-shrimp-soup,Creamy shrimp soup,"A warming pot of juicy shrimp and root vegetables in a rich, creamy broth, served hot.",French,False,50
honey-ginger-shrimp-soup,Honey ginger shrimp soup,"A warming pot of juicy shrimp and root vegetables in a sweet honey and ginger broth, served hot.",French,False,40
herby-shrimp-soup,Herby shrimp soup,"A warming pot of juicy shrimp and root vegetables in a fresh herb broth, served hot.",French,False,60
spicy-shrimp-pasta,Spicy shrimp pasta,"Pasta tossed with juicy shrimp, garlic and a fiery chili sauce, topped with herbs.",Italian,False,30
lemon-garlic-shrimp-pasta,Lemon garlic shrimp pasta,"Pasta tossed with juicy shrimp, garlic and a bright lemon and garlic sauce, topped with herbs.",Italian,False,15
creamy-shrimp-pasta,Creamy shrimp pasta,"Pasta tossed with juicy shrimp, garlic and a rich, creamy sauce, topped with herbs.",Italian,False,30
herby-shrimp-pasta,Herby shrimp pasta,"Pasta tossed with juicy shrimp, garlic and a fresh herb sauce, topped with herbs.",Italian,False,35
spicy-shrimp-burger,Spicy shrimp burger,"A toasted bun with a fiery chili juicy shrimp patty, pickles and crunchy lettuce.",American,False,20
honey-ginger-shrimp-burger,Honey ginger shrimp burger,"A toasted bun with a sweet honey and ginger juicy shrimp patty, pickles and crunchy lettuce.",American,False,25
herby-shrimp-burger,Herby shrimp burger,"A toasted bun with a fresh herb juicy shrimp patty, pickles and crunchy lettuce.",American,False,35
spicy-shrimp-skewers,Spicy shrimp skewers,"Juicy shrimp threaded on skewers, grilled over high heat and brushed with a fiery chili glaze.",Greek,False,40
smoky-shrimp-skewers,Smoky shrimp skewers,"Juicy shrimp threaded on skewers, grilled over high heat and brushed with a smoky paprika glaze.",Greek,False,30
creamy-shrimp-skewers,Creamy shrimp skewers,"Juicy shrimp threaded on skewers, grilled over high heat and brushed with a rich, creamy glaze.",Greek,False,40
honey-ginger-shrimp-skewers,Honey ginger shrimp skewers,"Juicy shrimp threaded on skewers, grilled over high heat and brushed with a sweet honey and ginger glaze.",Greek,False,35
herby-shrimp-skewers,Herby shrimp skewers,"Juicy shrimp threaded on skewers, grilled over high heat and brushed with a fresh herb glaze.",Greek,False,45
spicy-shrimp-stew,Spicy shrimp stew,"Juicy shrimp braised slowly with carrots, potatoes and a fiery chili gravy until thick.",British,False,110
smoky-shrimp-stew,Smoky shrimp stew,"Juicy shrimp braised slowly with carrots, potatoes and a smoky paprika gravy until thick.",British,False,115
lemon-garlic-shrimp-stew,Lemon garlic shrimp stew,"Juicy shrimp braised slowly with carrots, potatoes and a bright lemon and garlic gravy until thick.",British,False,130
creamy-shrimp-stew,Creamy shrimp stew,"Juicy shrimp braised slowly with carrots, potatoes and a rich, creamy gravy until thick.",British,False,125
herby-shrimp-stew,Herby shrimp stew,"Juicy shrimp braised slowly with carrots, potatoes and a fresh herb gravy until thick.",British,False,120
spicy-shrimp-noodle-bowl,Spicy shrimp noodle bowl,"Noodles in a steaming broth with juicy shrimp, spring onions and a fiery chili kick.",Japanese,False,25
smoky-shrimp-noodle-bowl,Smoky shrimp noodle bowl,"Noodles in a steaming broth with juicy shrimp, spring onions and a smoky paprika kick.",Japanese,False,35
lemon-garlic-shrimp-noodle-bowl,Lemon garlic shrimp noodle bowl,"Noodles in a steaming broth with juicy shrimp, spring onions and a bright lemon and garlic kick.",Japanese,False,40
honey-ginger-shrimp-noodle-bowl,Honey ginger shrimp noodle bowl,"Noodles in a steaming broth with juicy shrimp, spring onions and a sweet honey and ginger kick.",Japanese,False,30
herby-shrimp-noodle-bowl,Herby shrimp noodle bowl,"Noodles in a steaming broth with juicy shrimp, spring onions and a fresh herb kick.",Japanese,False,40
spicy-shrimp-wrap,Spicy shrimp wrap,"Warm flatbread rolled around juicy shrimp, hummus, salad and a fiery chili sauce.",Middle Eastern,False,25
smoky-shrimp-wrap,Smoky shrimp wrap,"Warm flatbread rolled around juicy shrimp, hummus, salad and a smoky paprika sauce.",Middle Eastern,False,30
lemon-garlic-shrimp-wrap,Lemon garlic shrimp wrap,"Warm flatbread rolled around juicy shrimp, hummus, salad and a bright lemon and garlic sauce.",Middle Eastern,False,15
creamy-shrimp-wrap,Creamy shrimp wrap,"Warm flatbread rolled around juicy shrimp, hummus, salad and a rich, creamy sauce.",Middle Eastern,False,15
honey-ginger-shrimp-wrap,Honey ginger shrimp wrap,"Warm flatbread rolled around juicy shrimp, hummus, salad and a sweet honey and ginger sauce.",Middle Eastern,False,20
smoky-shrimp-traybake,Smoky shrimp traybake,Juicy shrimp and vegetables roasted together on one tray with a smoky paprika seasoning.,British,False,65
lemon-garlic-shrimp-traybake,Lemon garlic shrimp traybake,Juicy shrimp and vegetables roasted together on one tray with a bright lemon and garlic seasoning.,British,False,55
creamy-shrimp-traybake,Creamy shrimp traybake,"Juicy shrimp and vegetables roasted together on one tray with a rich, creamy seasoning.",British,False,45
honey-ginger-shrimp-traybake,Honey ginger shrimp traybake,Juicy shrimp and vegetables roasted together on one tray with a sweet honey and ginger seasoning.,British,False,45
herby-shrimp-traybake,Herby shrimp traybake,Juicy shrimp and vegetables roasted together on one tray with a fresh herb seasoning.,British,False,60
spicy-shrimp-fried-rice,Spicy shrimp fried rice,"Day-old rice fried with egg, peas and juicy shrimp in a fiery chili sauce.",Chinese,False,20
smoky-shrimp-fried-rice,Smoky shrimp fried rice,"Day-old rice fried with egg, peas and juicy shrimp in a smoky paprika sauce.",Chinese,False,20
creamy-shrimp-fried-rice,Creamy shrimp fried rice,"Day-old rice fried with egg, peas and juicy shrimp in a rich, creamy sauce.",Chinese,False,20
honey-ginger-shrimp-fried-rice,Honey ginger shrimp fried rice,"Day-old rice fried with egg, peas and juicy shrimp in a sweet honey and ginger sauce.",Chinese,False,25
herby-shrimp-fried-rice,Herby shrimp fried rice,"Day-old rice fried with egg, peas and juicy shrimp in a fresh herb sauce.",Chinese,False,15
spicy-shrimp-pie,Spicy shrimp pie,"Juicy shrimp in a fiery chili filling under a golden, flaky pastry lid.",British,False,80
lemon-garlic-shrimp-pie,Lemon garlic shrimp pie,"Juicy shrimp in a bright lemon and garlic filling under a golden, flaky pastry lid.",British,False,75
creamy-shrimp-pie,Creamy shrimp pie,"Juicy shrimp in a rich, creamy filling under a golden, flaky pastry lid.",British,False,65
honey-ginger-shrimp-pie,Honey ginger shrimp pie,"Juicy shrimp in a sweet honey and ginger filling under a golden, flaky pastry lid.",British,False,75
herby-shrimp-pie,Herby shrimp pie,"Juicy shrimp in a fresh herb filling under a golden, flaky pastry lid.",British,False,80
spicy-shrimp-green-curry,Spicy shrimp green curry,Juicy shrimp cooked in coconut milk with green curry paste and a fiery chili edge.,Thai,False,30
smoky-shrimp-green-curry,Smoky shrimp green curry,Juicy shrimp cooked in coconut milk with green curry paste and a smoky paprika edge.,Thai,False,45
lemon-garlic-shrimp-green-curry,Lemon garlic shrimp green curry,Juicy shrimp cooked in coconut milk with green curry paste and a bright lemon and garlic edge.,Thai,False,35
creamy-shrimp-green-curry,Creamy shrimp green curry,"Juicy shrimp cooked in coconut milk with green curry paste and a rich, creamy edge.",Thai,False,40
honey-ginger-shrimp-green-curry,Honey ginger shrimp green curry,Juicy shrimp cooked in coconut milk with green curry paste and a sweet honey and ginger edge.,Thai,False,35
spicy-shrimp-enchiladas,Spicy shrimp enchiladas,"Tortillas rolled around juicy shrimp, covered with a fiery chili sauce and cheese, then baked.",Mexican,False,60
lemon-garlic-shrimp-enchiladas,Lemon garlic shrimp enchiladas,"Tortillas rolled around juicy shrimp, covered with a bright lemon and garlic sauce and cheese, then baked.",Mexican,False,45
creamy-shrimp-enchiladas,Creamy shrimp enchiladas,"Tortillas rolled around juicy shrimp, covered with a rich, creamy sauce and cheese, then baked.",Mexican,False,55
honey-ginger-shrimp-enchiladas,Honey ginger shrimp enchiladas,"Tortillas rolled around juicy shrimp, covered with a sweet honey and ginger sauce and cheese, then baked.",Mexican,False,45
herby-shrimp-enchiladas,Herby shrimp enchiladas,"Tortillas rolled around juicy shrimp, covered with a fresh herb sauce and cheese, then baked.",Mexican,False,45
spicy-shrimp-flatbread,Spicy shrimp flatbread,"Crisp flatbread topped with juicy shrimp, yogurt and a fiery chili drizzle.",Middle Eastern,False,30
smoky-shrimp-flatbread,Smoky shrimp flatbread,"Crisp flatbread topped with juicy shrimp, yogurt and a smoky paprika drizzle.",Middle Eastern,False,30
honey-ginger-shrimp-flatbread,Honey ginger shrimp flatbread,"Crisp flatbread topped with juicy shrimp, yogurt and a sweet honey and ginger drizzle.",Middle Eastern,False,15
spicy-cod-curry,Spicy cod curry,"Flaky cod simmered in a fiery chili curry sauce with onion, ginger and garam masala, served with rice.",Indian,False,50
smoky-cod-curry,Smoky cod curry,"Flaky cod simmered in a smoky paprika curry sauce with onion, ginger and garam masala, served with rice.",Indian,False,30
lemon-garlic-cod-curry,Lemon garlic cod curry,"Flaky cod simmered in a bright lemon and garlic curry sauce with onion, ginger and garam masala, served with rice.",Indian,False,30
creamy-cod-curry,Creamy cod curry,"Flaky cod simmered in a rich, creamy curry sauce with onion, ginger and garam masala, served with rice.",Indian,False,45
honey-ginger-cod-curry,Honey ginger cod curry,"Flaky cod simmered in a sweet honey and ginger curry sauce with onion, ginger and garam masala, served with rice.",Indian,False,50
spicy-cod-tacos,Spicy cod tacos,"Soft tortillas filled with fiery chili flaky cod, salsa, lime and shredded cabbage.",Mexican,False,35
lemon-garlic-cod-tacos,Lemon garlic cod tacos,"Soft tortillas filled with bright lemon and garlic flaky cod, salsa, lime and shredded cabbage.",Mexican,False,20
creamy-cod-tacos,Creamy cod tacos,"Soft tortillas filled with rich, creamy flaky cod, salsa, lime and shredded cabbage.",Mexican,False,30
honey-ginger-cod-tacos,Honey ginger cod tacos,"Soft tortillas filled with sweet honey and ginger flaky cod, salsa, lime and shredded cabbage.",Mexican,False,30
herby-cod-tacos,Herby cod tacos,"Soft tortillas filled with fresh herb flaky cod, salsa, lime and shredded cabbage.",Mexican,False,30
spicy-cod-stir-fry,Spicy cod stir-fry,"Flaky cod tossed in a hot wok with vegetables and a fiery chili sauce, served over noodles.",Chinese,False,30
lemon-garlic-cod-stir-fry,Lemon garlic cod stir-fry,"Flaky cod tossed in a hot wok with vegetables and a bright lemon and garlic sauce, served over noodles.",Chinese,False,20
honey-ginger-cod-stir-fry,Honey ginger cod stir-fry,"Flaky cod tossed in a hot wok with vegetables and a sweet honey and ginger sauce, served over noodles.",Chinese,False,25
herby-cod-stir-fry,Herby cod stir-fry,"Flaky cod tossed in a hot wok with vegetables and a fresh herb sauce, served over noodles.",Chinese,False,20
smoky-cod-risotto,Smoky cod risotto,"Creamy arborio rice stirred slowly with flaky cod, parmesan and a smoky paprika finish.",Italian,False,45
lemon-garlic-cod-risotto,Lemon garlic cod risotto,"Creamy arborio rice stirred slowly with flaky cod, parmesan and a bright lemon and garlic finish.",Italian,False,55
creamy-cod-risotto,Creamy cod risotto,"Creamy arborio rice stirred slowly with flaky cod, parmesan and a rich, creamy finish.",Italian,False,40
honey-ginger-cod-risotto,Honey ginger cod risotto,"Creamy arborio rice stirred slowly with flaky cod, parmesan and a sweet honey and ginger finish.",Italian,False,50
herby-cod-risotto,Herby cod risotto,"Creamy arborio rice stirred slowly with flaky cod, parmesan and a fresh herb finish.",Italian,False,45
spicy-cod-salad,Spicy cod salad,"A fresh bowl of leaves, cucumber and flaky cod with a fiery chili dressing.",Mediterranean,False,5
smoky-cod-salad,Smoky cod salad,"A fresh bowl of leaves, cucumber and flaky cod with a smoky paprika dressing.",Mediterranean,False,20
lemon-garlic-cod-salad,Lemon garlic cod salad,"A fresh bowl of leaves, cucumber and flaky cod with a bright lemon and garlic dressing.",Mediterranean,False,10
creamy-cod-salad,Creamy cod salad,"A fresh bowl of leaves, cucumber and flaky cod with a rich, creamy dressing.",Mediterranean,False,20
honey-ginger-cod-salad,Honey ginger cod salad,"A fresh bowl of leaves, cucumber and flaky cod with a sweet honey and ginger dressing.",Mediterranean,False,15
herby-cod-salad,Herby cod salad,"A fresh bowl of leaves, cucumber and flaky cod with a fresh herb dressing.",Mediterranean,False,25
spicy-cod-soup,Spicy cod soup,"A warming pot of flaky cod and root vegetables in a fiery chili broth, served hot.",French,False,45
smoky-cod-soup,Smoky cod soup,"A warming pot of flaky cod and root vegetables in a smoky paprika broth, served hot.",French,False,40
lemon-garlic-cod-soup,Lemon garlic cod soup,"A warming pot of flaky cod and root vegetables in a bright lemon and garlic broth, served hot.",French,False,60
creamy-cod-soup,Creamy cod soup,"A warming pot of flaky cod and root vegetables in a rich, creamy broth, served hot.",French,False,55
honey-ginger-cod-soup,Honey ginger cod soup,"A warming pot of flaky cod and root vegetables in a sweet honey and ginger broth, served hot.",French,False,50
spicy-cod-pasta,Spicy cod pasta,"Pasta tossed with flaky cod, garlic and a fiery chili sauce, topped with herbs.",Italian,False,35
smoky-cod-pasta,Smoky cod pasta,"Pasta tossed with flaky cod, garlic and a smoky paprika sauce, topped with herbs.",Italian,False,30
lemon-garlic-cod-pasta,Lemon garlic cod pasta,"Pasta tossed with flaky cod, garlic and a bright lemon and garlic sauce, topped with herbs.",Italian,False,30
creamy-cod-pasta,Creamy cod pasta,"Pasta tossed with flaky cod, garlic and a rich, creamy sauce, topped with herbs.",Italian,False,20
honey-ginger-cod-pasta,Honey ginger cod pasta,"Pasta tossed with flaky cod, garlic and a sweet honey and ginger sauce, topped with herbs.",Italian,False,30
herby-cod-pasta,Herby cod pasta,"Pasta tossed with flaky cod, garlic and a fresh herb sauce, topped with herbs.",Italian,False,25
spicy-cod-burger,Spicy cod burger,"A toasted bun with a fiery chili flaky cod patty, pickles and crunchy lettuce.",American,False,30
smoky-cod-burger,Smoky cod burger,"A toasted bun with a smoky paprika flaky cod patty, pickles and crunchy lettuce.",American,False,25
lemon-garlic-cod-burger,Lemon garlic cod burger,"A toasted bun with a bright lemon and garlic flaky cod patty, pickles and crunchy lettuce.",American,False,35
honey-ginger-cod-burger,Honey ginger cod burger,"A toasted bun with a sweet honey and ginger flaky cod patty, pickles and crunchy lettuce.",American,False,20
herby-cod-burger,Herby cod burger,"A toasted bun with a fresh herb flaky cod patty, pickles and crunchy lettuce.",American,False,30
spicy-cod-skewers,Spicy cod skewers,"Flaky cod threaded on skewers, grilled over high heat and brushed with a fiery chili glaze.",Greek,False,45
smoky-cod-skewers,Smoky cod skewers,"Flaky cod threaded on skewers, grilled over high heat and brushed with a smoky paprika glaze.",Greek,False,45
honey-ginger-cod-skewers,Honey ginger cod skewers,"Flaky cod threaded on skewers, grilled over high heat and brushed with a sweet honey and ginger glaze.",Greek,False,30
spicy-cod-stew,Spicy cod stew,"Flaky cod braised slowly with carrots, potatoes and a fiery chili gravy until thick.",British,False,110
smoky-cod-stew,Smoky cod stew,"Flaky cod braised slowly with carrots, potatoes and a smoky paprika gravy until thick.",British,False,125
lemon-garlic-cod-stew,Lemon garlic cod stew,"Flaky cod braised slowly with carrots, potatoes and a bright lemon and garlic gravy until thick.",British,False,110
creamy-cod-stew,Creamy cod stew,"Flaky cod braised slowly with carrots, potatoes and a rich, creamy gravy until thick.",British,False,110
honey-ginger-cod-stew,Honey ginger cod stew,"Flaky cod braised slowly with carrots, potatoes and a sweet honey and ginger gravy until thick.",British,False,115
herby-cod-stew,Herby cod stew,"Flaky cod braised slowly with carrots, potatoes and a fresh herb gravy until thick.",British,False,115
spicy-cod-noodle-bowl,Spicy cod noodle bowl,"Noodles in a steaming broth with flaky cod, spring onions and a fiery chili kick.",Japanese,False,25
smoky-cod-noodle-bowl,Smoky cod noodle bowl,"Noodles in a steaming broth with flaky cod, spring onions and a smoky paprika kick.",Japanese,False,40
lemon-garlic-cod-noodle-bowl,Lemon garlic cod noodle bowl,"Noodles in a steaming broth with flaky cod, spring onions and a bright lemon and garlic kick.",Japanese,False,30
creamy-cod-noodle-bowl,Creamy cod noodle bowl,"Noodles in a steaming broth with flaky cod, spring onions and a rich, creamy kick.",Japanese,False,30
honey-ginger-cod-noodle-bowl,Honey ginger cod noodle bowl,"Noodles in a steaming broth with flaky cod, spring onions and a sweet honey and ginger kick.",Japanese,False,35
herby-cod-noodle-bowl,Herby cod noodle bowl,"Noodles in a steaming broth with flaky cod, spring onions and a fresh herb kick.",Japanese,False,30
spicy-cod-wrap,Spicy cod wrap,"Warm flatbread rolled around flaky cod, hummus, salad and a fiery chili sauce.",Middle Eastern,False,10
smoky-cod-wrap,Smoky cod wrap,"Warm flatbread rolled around flaky cod, hummus, salad and a smoky paprika sauce.",Middle Eastern,False,10
lemon-garlic-cod-wrap,Lemon garlic cod wrap,"Warm flatbread rolled around flaky cod, hummus, salad and a bright lemon and garlic sauce.",Middle Eastern,False,10
creamy-cod-wrap,Creamy cod wrap,"Warm flatbread rolled around flaky cod, hummus, salad and a rich, creamy sauce.",Middle Eastern,False,15
honey-ginger-cod-wrap,Honey ginger cod wrap,"Warm flatbread rolled around flaky cod, hummus, salad and a sweet honey and ginger sauce.",Middle Eastern,False,25
herby-cod-wrap,Herby cod wrap,"Warm flatbread rolled around flaky cod, hummus, salad and a fresh herb sauce.",Middle Eastern,False,25
smoky-cod-traybake,Smoky cod traybake,Flaky cod and vegetables roasted together on one tray with a smoky paprika seasoning.,British,False,65
lemon-garlic-cod-traybake,Lemon garlic cod traybake,Flaky cod and vegetables roasted together on one tray with a bright lemon and garlic seasoning.,British,False,50
creamy-cod-traybake,Creamy cod traybake,"Flaky cod and vegetables roasted together on one tray with a rich, creamy seasoning.",British,False,45
honey-ginger-cod-traybake,Honey ginger cod traybake,Flaky cod and vegetables roasted together on one tray with a sweet honey and ginger seasoning.,British,False,55
herby-cod-traybake,Herby cod traybake,Flaky cod and vegetables roasted together on one tray with a fresh herb seasoning.,British,False,60
spicy-cod-fried-rice,Spicy cod fried rice,"Day-old rice fried with egg, peas and flaky cod in a fiery chili sauce.",Chinese,False,30
smoky-cod-fried-rice,Smoky cod fried rice,"Day-old rice fried with egg, peas and flaky cod in a smoky paprika sauce.",Chinese,False,10
lemon-garlic-cod-fried-rice,Lemon garlic cod fried rice,"Day-old rice fried with egg, peas and flaky cod in a bright lemon and garlic sauce.",Chinese,False,25
creamy-cod-fried-rice,Creamy cod fried rice,"Day-old rice fried with egg, peas and flaky cod in a rich, creamy sauce.",Chinese,False,15
honey-ginger-cod-fried-rice,Honey ginger cod fried rice,"Day-old rice fried with egg, peas and flaky cod in a sweet honey and ginger sauce.",Chinese,False,20
herby-cod-fried-rice,Herby cod fried rice,"Day-old rice fried with egg, peas and flaky cod in a fresh herb sauce.",Chinese,False,15
spicy-cod-pie,Spicy cod pie,"Flaky cod in a fiery chili filling under a golden, flaky pastry lid.",British,False,70
smoky-cod-pie,Smoky cod pie,"Flaky cod in a smoky paprika filling under a golden, flaky pastry lid.",British,False,70
lemon-garlic-cod-pie,Lemon garlic cod pie,"Flaky cod in a bright lemon and garlic filling under a golden, flaky pastry lid.",British,False,80
creamy-cod-pie,Creamy cod pie,"Flaky cod in a rich, creamy filling under a golden, flaky pastry lid.",British,False,70
honey-ginger-cod-pie,Honey ginger cod pie,"Flaky cod in a sweet honey and ginger filling under a golden, flaky pastry lid.",British,False,75
herby-cod-pie,Herby cod pie,"Flaky cod in a fresh herb filling under a golden, flaky pastry lid.",British,False,70
spicy-cod-green-curry,Spicy cod green curry,Flaky cod cooked in coconut milk with green curry paste and a fiery chili edge.,Thai,False,40
smoky-cod-green-curry,Smoky cod green curry,Flaky cod cooked in coconut milk with green curry paste and a smoky paprika edge.,Thai,False,30
lemon-garlic-cod-green-curry,Lemon garlic cod green curry,Flaky cod cooked in coconut milk with green curry paste and a bright lemon and garlic edge.,Thai,False,40
honey-ginger-cod-green-curry,Honey ginger cod green curry,Flaky cod cooked in coconut milk with green curry paste and a sweet honey and ginger edge.,Thai,False,25
herby-cod-green-curry,Herby cod green curry,Flaky cod cooked in coconut milk with green curry paste and a fresh herb edge.,Thai,False,40
spicy-cod-enchiladas,Spicy cod enchiladas,"Tortillas rolled around flaky cod, covered with a fiery chili sauce and cheese, then baked.",Mexican,False,60
lemon-garlic-cod-enchiladas,Lemon garlic cod enchiladas,"Tortillas rolled around flaky cod, covered with a bright lemon and garlic sauce and cheese, then baked.",Mexican,False,45
creamy-cod-enchiladas,Creamy cod enchiladas,"Tortillas rolled around flaky cod, covered with a rich, creamy sauce and cheese, then baked.",Mexican,False,50
honey-ginger-cod-enchiladas,Honey ginger cod enchiladas,"Tortillas rolled around flaky cod, covered with a sweet honey and ginger sauce and cheese, then baked.",Mexican,False,50
herby-cod-enchiladas,Herby cod enchiladas,"Tortillas rolled around flaky cod, covered with a fresh herb sauce and cheese, then baked.",Mexican,False,50
spicy-cod-flatbread,Spicy cod flatbread,"Crisp flatbread topped with flaky cod, yogurt and a fiery chili drizzle.",Middle Eastern,False,35
lemon-garlic-cod-flatbread,Lemon garlic cod flatbread,"Crisp flatbread topped with flaky cod, yogurt and a bright lemon and garlic drizzle.",Middle Eastern,False,15
creamy-cod-flatbread,Creamy cod flatbread,"Crisp flatbread topped with flaky cod, yogurt and a rich, creamy drizzle.",Middle Eastern,False,30
honey-ginger-cod-flatbread,Honey ginger cod flatbread,"Crisp flatbread topped with flaky cod, yogurt and a sweet honey and ginger drizzle.",Middle Eastern,False,35
herby-cod-flatbread,Herby cod flatbread,"Crisp flatbread topped with flaky cod, yogurt and a fresh herb drizzle.",Middle Eastern,False,35
spicy-turkey-curry,Spicy turkey curry,"Turkey mince simmered in a fiery chili curry sauce with onion, ginger and garam masala, served with rice.",Indian,False,50
smoky-turkey-curry,Smoky turkey curry,"Turkey mince simmered in a smoky paprika curry sauce with onion, ginger and garam masala, served with rice.",Indian,False,45
lemon-garlic-turkey-curry,Lemon garlic turkey curry,"Turkey mince simmered in a bright lemon and garlic curry sauce with onion, ginger and garam masala, served with rice.",Indian,False,30
creamy-turkey-curry,Creamy turkey curry,"Turkey mince simmered in a rich, creamy curry sauce with onion, ginger and garam masala, served with rice.",Indian,False,35
honey-ginger-turkey-curry,Honey ginger turkey curry,"Turkey mince simmered in a sweet honey and ginger curry sauce with onion, ginger and garam masala, served with rice.",Indian,False,30
herby-turkey-curry,Herby turkey curry,"Turkey mince simmered in a fresh herb curry sauce with onion, ginger and garam masala, served with rice.",Indian,False,50
smoky-turkey-tacos,Smoky turkey tacos,"Soft tortillas filled with smoky paprika turkey mince, salsa, lime and shredded cabbage.",Mexican,False,35
lemon-garlic-turkey-tacos,Lemon garlic turkey tacos,"Soft tortillas filled with bright lemon and garlic turkey mince, salsa, lime and shredded cabbage.",Mexican,False,25
creamy-turkey-tacos,Creamy turkey tacos,"Soft tortillas filled with rich, creamy turkey mince, salsa, lime and shredded cabbage.",Mexican,False,35
herby-turkey-tacos,Herby turkey tacos,"Soft tortillas filled with fresh herb turkey mince, salsa, lime and shredded cabbage.",Mexican,False,20
spicy-turkey-stir-fry,Spicy turkey stir-fry,"Turkey mince tossed in a hot wok with vegetables and a fiery chili sauce, served over noodles.",Chinese,False,30
smoky-turkey-stir-fry,Smoky turkey stir-fry,"Turkey mince tossed in a hot wok with vegetables and a smoky paprika sauce, served over noodles.",Chinese,False,20
lemon-garlic-turkey-stir-fry,Lemon garlic turkey stir-fry,"Turkey mince tossed in a hot wok with vegetables and a bright lemon and garlic sauce, served over noodles.",Chinese,False,10
creamy-turkey-stir-fry,Creamy turkey stir-fry,"Turkey mince tossed in a hot wok with vegetables and a rich, creamy sauce, served over noodles.",Chinese,False,10
honey-ginger-turkey-stir-fry,Honey ginger turkey stir-fry,"Turkey mince tossed in a hot wok with vegetables and a sweet honey and ginger sauce, served over noodles.",Chinese,False,25
spicy-turkey-risotto,Spicy turkey risotto,"Creamy arborio rice stirred slowly with turkey mince, parmesan and a fiery chili finish.",Italian,False,35
smoky-turkey-risotto,Smoky turkey risotto,"Creamy arborio rice stirred slowly with turkey mince, parmesan and a smoky paprika finish.",Italian,False,35
lemon-garlic-turkey-risotto,Lemon garlic turkey risotto,"Creamy arborio rice stirred slowly with turkey mince, parmesan and a bright lemon and garlic finish.",Italian,False,55
creamy-turkey-risotto,Creamy turkey risotto,"Creamy arborio rice stirred slowly with turkey mince, parmesan and a rich, creamy finish.",Italian,False,50
herby-turkey-risotto,Herby turkey risotto,"Creamy arborio rice stirred slowly with turkey mince, parmesan and a fresh herb finish.",Italian,False,40
lemon-garlic-turkey-salad,Lemon garlic turkey salad,"A fresh bowl of leaves, cucumber and turkey mince with a bright lemon and garlic dressing.",Mediterranean,False,25
creamy-turkey-salad,Creamy turkey salad,"A fresh bowl of leaves, cucumber and turkey mince with a rich, creamy dressing.",Mediterranean,False,15
honey-ginger-turkey-salad,Honey ginger turkey salad,"A fresh bowl of leaves, cucumber and turkey mince with a sweet honey and ginger dressing.",Mediterranean,False,5
herby-turkey-salad,Herby turkey salad,"A fresh bowl of leaves, cucumber and turkey mince with a fresh herb dressing.",Mediterranean,False,20
spicy-turkey-soup,Spicy turkey soup,"A warming pot of turkey mince and root vegetables in a fiery chili broth, served hot.",French,False,45
smoky-turkey-soup,Smoky turkey soup,"A warming pot of turkey mince and root vegetables in a smoky paprika broth, served hot.",French,False,50
lemon-garlic-turkey-soup,Lemon garlic turkey soup,"A warming pot of turkey mince and root vegetables in a bright lemon and garlic broth, served hot.",French,False,60
honey-ginger-turkey-soup,Honey ginger turkey soup,"A warming pot of turkey mince and root vegetables in a sweet honey and ginger broth, served hot.",French,False,60
herby-turkey-soup,Herby turkey soup,"A warming pot of turkey mince and root vegetables in a fresh herb broth, served hot.",French,False,50
spicy-turkey-pasta,Spicy turkey pasta,"Pasta tossed with turkey mince, garlic and a fiery chili sauce, topped with herbs.",Italian,False,20
smoky-turkey-pasta,Smoky turkey pasta,"Pasta tossed with turkey mince, garlic and a smoky paprika sauce, topped with herbs.",Italian,False,35
lemon-garlic-turkey-pasta,Lemon garlic turkey pasta,"Pasta tossed with turkey mince, garlic and a bright lemon and garlic sauce, topped with herbs.",Italian,False,35
honey-ginger-turkey-pasta,Honey ginger turkey pasta,"Pasta tossed with turkey mince, garlic and a sweet honey and ginger sauce, topped with herbs.",Italian,False,20
herby-turkey-pasta,Herby turkey pasta,"Pasta tossed with turkey mince, garlic and a fresh herb sauce, topped with herbs.",Italian,False,35
spicy-turkey-burger,Spicy turkey burger,"A toasted bun with a fiery chili turkey mince patty, pickles and crunchy lettuce.",American,False,40
smoky-turkey-burger,Smoky turkey burger,"A toasted bun with a smoky paprika turkey mince patty, pickles and crunchy lettuce.",American,False,35
lemon-garlic-turkey-burger,Lemon garlic turkey burger,"A toasted bun with a bright lemon and garlic turkey mince patty, pickles and crunchy lettuce.",American,False,30
creamy-turkey-burger,Creamy turkey burger,"A toasted bun with a rich, creamy turkey mince patty, pickles and crunchy lettuce.",American,False,25
herby-turkey-burger,Herby turkey burger,"A toasted bun with a fresh herb turkey mince patty, pickles and crunchy lettuce.",American,False,35
spicy-turkey-skewers,Spicy turkey skewers,"Turkey mince threaded on skewers, grilled over high heat and brushed with a fiery chili glaze.",Greek,False,40
smoky-turkey-skewers,Smoky turkey skewers,"Turkey mince threaded on skewers, grilled over high heat and brushed with a smoky paprika glaze.",Greek,False,35
lemon-garlic-turkey-skewers,Lemon garlic turkey skewers,"Turkey mince threaded on skewers, grilled over high heat and brushed with a bright lemon and garlic glaze.",Greek,False,35
creamy-turkey-skewers,Creamy turkey skewers,"Turkey mince threaded on skewers, grilled over high heat and brushed with a rich, creamy glaze.",Greek,False,25
honey-ginger-turkey-skewers,Honey ginger turkey skewers,"Turkey mince threaded on skewers, grilled over high heat and brushed with a sweet honey and ginger glaze.",Greek,False,35
herby-turkey-skewers,Herby turkey skewers,"Turkey mince threaded on skewers, grilled over high heat and brushed with a fresh herb glaze.",Greek,False,30
spicy-turkey-stew,Spicy turkey stew,"Turkey mince braised slowly with carrots, potatoes and a fiery chili gravy until thick.",British,False,120
smoky-turkey-stew,Smoky turkey stew,"Turkey mince braised slowly with carrots, potatoes and a smoky paprika gravy until thick.",British,False,115
lemon-garlic-turkey-stew,Lemon garlic turkey stew,"Turkey mince braised slowly with carrots, potatoes and a bright lemon and garlic gravy until thick.",British,False,120
creamy-turkey-stew,Creamy turkey stew,"Turkey mince braised slowly with carrots, potatoes and a rich, creamy gravy until thick.",British,False,120
honey-ginger-turkey-stew,Honey ginger turkey stew,"Turkey mince braised slowly with carrots, potatoes and a sweet honey and ginger gravy until thick.",British,False,130
herby-turkey-stew,Herby turkey stew,"Turkey mince braised slowly with carrots, potatoes and a fresh herb gravy until thick.",British,False,110
spicy-turkey-noodle-bowl,Spicy turkey noodle bowl,"Noodles in a steaming broth with turkey mince, spring onions and a fiery chili kick.",Japanese,False,35
smoky-turkey-noodle-bowl,Smoky turkey noodle bowl,"Noodles in a steaming broth with turkey mince, spring onions and a smoky paprika kick.",Japanese,False,30
lemon-garlic-turkey-noodle-bowl,Lemon garlic turkey noodle bowl,"Noodles in a steaming broth with turkey mince, spring onions and a bright lemon and garlic kick.",Japanese,False,35
creamy-turkey-noodle-bowl,Creamy turkey noodle bowl,"Noodles in a steaming broth with turkey mince, spring onions and a rich, creamy kick.",Japanese,False,25
herby-turkey-noodle-bowl,Herby turkey noodle bowl,"Noodles in a steaming broth with turkey mince, spring onions and a fresh herb kick.",Japanese,False,40
spicy-turkey-wrap,Spicy turkey wrap,"Warm flatbread rolled around turkey mince, hummus, salad and a fiery chili sauce.",Middle Eastern,False,15
smoky-turkey-wrap,Smoky turkey wrap,"Warm flatbread rolled around turkey mince, hummus, salad and a smoky paprika sauce.",Middle Eastern,False,20
lemon-garlic-turkey-wrap,Lemon garlic turkey wrap,"Warm flatbread rolled around turkey mince, hummus, salad and a bright lemon and garlic sauce.",Middle Eastern,False,30
creamy-turkey-wrap,Creamy turkey wrap,"Warm flatbread rolled around turkey mince, hummus, salad and a rich, creamy sauce.",Middle Eastern,False,25
honey-ginger-turkey-wrap,Honey ginger turkey wrap,"Warm flatbread rolled around turkey mince, hummus, salad and a sweet honey and ginger sauce.",Middle Eastern,False,25
herby-turkey-wrap,Herby turkey wrap,"Warm flatbread rolled around turkey mince, hummus, salad and a fresh herb sauce.",Middle Eastern,False,20
spicy-turkey-traybake,Spicy turkey traybake,Turkey mince and vegetables roasted together on one tray with a fiery chili seasoning.,British,False,65
smoky-turkey-traybake,Smoky turkey traybake,Turkey mince and vegetables roasted together on one tray with a smoky paprika seasoning.,British,False,50
creamy-turkey-traybake,Creamy turkey traybake,"Turkey mince and vegetables roasted together on one tray with a rich, creamy seasoning.",British,False,65
honey-ginger-turkey-traybake,Honey ginger turkey traybake,Turkey mince and vegetables roasted together on one tray with a sweet honey and ginger seasoning.,British,False,65
herby-turkey-traybake,Herby turkey traybake,Turkey mince and vegetables roasted together on one tray with a fresh herb seasoning.,British,False,45
smoky-turkey-fried-rice,Smoky turkey fried rice,"Day-old rice fried with egg, peas and turkey mince in a smoky paprika sauce.",Chinese,False,10
lemon-garlic-turkey-fried-rice,Lemon garlic turkey fried rice,"Day-old rice fried with egg, peas and turkey mince in a bright lemon and garlic sauce.",Chinese,False,25
honey-ginger-turkey-fried-rice,Honey ginger turkey fried rice,"Day-old rice fried with egg, peas and turkey mince in a sweet honey and ginger sauce.",Chinese,False,25
herby-turkey-fried-rice,Herby turkey fried rice,"Day-old rice fried with egg, peas and turkey mince in a fresh herb sauce.",Chinese,False,30
spicy-turkey-pie,Spicy turkey pie,"Turkey mince in a fiery chili filling under a golden, flaky pastry lid.",British,False,75
lemon-garlic-turkey-pie,Lemon garlic turkey pie,"Turkey mince in a bright lemon and garlic filling under a golden, flaky pastry lid.",British,False,85
creamy-turkey-pie,Creamy turkey pie,"Turkey mince in a rich, creamy filling under a golden, flaky pastry lid.",British,False,75
honey-ginger-turkey-pie,Honey ginger turkey pie,"Turkey mince in a sweet honey and ginger filling under a golden, flaky pastry lid.",British,False,70
spicy-turkey-green-curry,Spicy turkey green curry,Turkey mince cooked in coconut milk with green curry paste and a fiery chili edge.,Thai,False,25
smoky-turkey-green-curry,Smoky turkey green curry,Turkey mince cooked in coconut milk with green curry paste and a smoky paprika edge.,Thai,False,30
lemon-garlic-turkey-green-curry,Lemon garlic turkey green curry,Turkey mince cooked in coconut milk with green curry paste and a bright lemon and garlic edge.,Thai,False,30
creamy-turkey-green-curry,Creamy turkey green curry,"Turkey mince cooked in coconut milk with green curry paste and a rich, creamy edge.",Thai,False,25
honey-ginger-turkey-green-curry,Honey ginger turkey green curry,Turkey mince cooked in coconut milk with green curry paste and a sweet honey and ginger edge.,Thai,False,30
herby-turkey-green-curry,Herby turkey green curry,Turkey mince cooked in coconut milk with green curry paste and a fresh herb edge.,Thai,False,30
spicy-turkey-enchiladas,Spicy turkey enchiladas,"Tortillas rolled around turkey mince, covered with a fiery chili sauce and cheese, then baked.",Mexican,False,50
smoky-turkey-enchiladas,Smoky turkey enchiladas,"Tortillas rolled around turkey mince, covered with a smoky paprika sauce and cheese, then baked.",Mexican,False,55
lemon-garlic-turkey-enchiladas,Lemon garlic turkey enchiladas,"Tortillas rolled around turkey mince, covered with a bright lemon and garlic sauce and cheese, then baked.",Mexican,False,55
creamy-turkey-enchiladas,Creamy turkey enchiladas,"Tortillas rolled around turkey mince, covered with a rich, creamy sauce and cheese, then baked.",Mexican,False,45
honey-ginger-turkey-enchiladas,Honey ginger turkey enchiladas,"Tortillas rolled around turkey mince, covered with a sweet honey and ginger sauce and cheese, then baked.",Mexican,False,40
herby-turkey-enchiladas,Herby turkey enchiladas,"Tortillas rolled around turkey mince, covered with a fresh herb sauce and cheese, then baked.",Mexican,False,50
smoky-turkey-flatbread,Smoky turkey flatbread,"Crisp flatbread topped with turkey mince, yogurt and a smoky paprika drizzle.",Middle Eastern,False,30
lemon-garlic-turkey-flatbread,Lemon garlic turkey flatbread,"Crisp flatbread topped with turkey mince, yogurt and a bright lemon and garlic drizzle.",Middle Eastern,False,35
creamy-turkey-flatbread,Creamy turkey flatbread,"Crisp flatbread topped with turkey mince, yogurt and a rich, creamy drizzle.",Middle Eastern,False,15
herby-turkey-flatbread,Herby turkey flatbread,"Crisp flatbread topped with turkey mince, yogurt and a fresh herb drizzle.",Middle Eastern,False,30
spicy-duck-curry,Spicy duck curry,"Duck breast simmered in a fiery chili curry sauce with onion, ginger and garam masala, served with rice.",Indian,False,35
smoky-duck-curry,Smoky duck curry,"Duck breast simmered in a smoky paprika curry sauce with onion, ginger and garam masala, served with rice.",Indian,False,50
lemon-garlic-duck-curry,Lemon garlic duck curry,"Duck breast simmered in a bright lemon and garlic curry sauce with onion, ginger and garam masala, served with rice.",Indian,False,50
creamy-duck-curry,Creamy duck curry,"Duck breast simmered in a rich, creamy curry sauce with onion, ginger and garam masala, served with rice.",Indian,False,30
honey-ginger-duck-curry,Honey ginger duck curry,"Duck breast simmered in a sweet honey and ginger curry sauce with onion, ginger and garam masala, served with rice.",Indian,False,40
herby-duck-curry,Herby duck curry,"Duck breast simmered in a fresh herb curry sauce with onion, ginger and garam masala, served with rice.",Indian,False,40
spicy-duck-tacos,Spicy duck tacos,"Soft tortillas filled with fiery chili duck breast, salsa, lime and shredded cabbage.",Mexican,False,20
smoky-duck-tacos,Smoky duck tacos,"Soft tortillas filled with smoky paprika duck breast, salsa, lime and shredded cabbage.",Mexican,False,20
lemon-garlic-duck-tacos,Lemon garlic duck tacos,"Soft tortillas filled with bright lemon and garlic duck breast, salsa, lime and shredded cabbage.",Mexican,False,20
creamy-duck-tacos,Creamy duck tacos,"Soft tortillas filled with rich, creamy duck breast, salsa, lime and shredded cabbage.",Mexican,False,30
honey-ginger-duck-tacos,Honey ginger duck tacos,"Soft tortillas filled with sweet honey and ginger duck breast, salsa, lime and shredded cabbage.",Mexican,False,25
herby-duck-tacos,Herby duck tacos,"Soft tortillas filled with fresh herb duck breast, salsa, lime and shredded cabbage.",Mexican,False,20
lemon-garlic-duck-stir-fry,Lemon garlic duck stir-fry,"Duck breast tossed in a hot wok with vegetables and a bright lemon and garlic sauce, served over noodles.",Chinese,False,10
creamy-duck-stir-fry,Creamy duck stir-fry,"Duck breast tossed in a hot wok with vegetables and a rich, creamy sauce, served over noodles.",Chinese,False,10
honey-ginger-duck-stir-fry,Honey ginger duck stir-fry,"Duck breast tossed in a hot wok with vegetables and a sweet honey and ginger sauce, served over noodles.",Chinese,False,20
herby-duck-stir-fry,Herby duck stir-fry,"Duck breast tossed in a hot wok with vegetables and a fresh herb sauce, served over noodles.",Chinese,False,25
spicy-duck-risotto,Spicy duck risotto,"Creamy arborio rice stirred slowly with duck breast, parmesan and a fiery chili finish.",Italian,False,40
smoky-duck-risotto,Smoky duck risotto,"Creamy arborio rice stirred slowly with duck breast, parmesan and a smoky paprika finish.",Italian,False,35
lemon-garlic-duck-risotto,Lemon garlic duck risotto,"Creamy arborio rice stirred slowly with duck breast, parmesan and a bright lemon and garlic finish.",Italian,False,45
creamy-duck-risotto,Creamy duck risotto,"Creamy arborio rice stirred slowly with duck breast, parmesan and a rich, creamy finish.",Italian,False,35
honey-ginger-duck-risotto,Honey ginger duck risotto,"Creamy arborio rice stirred slowly with duck breast, parmesan and a sweet honey and ginger finish.",Italian,False,35
herby-duck-risotto,Herby duck risotto,"Creamy arborio rice stirred slowly with duck breast, parmesan and a fresh herb finish.",Italian,False,40
lemon-garlic-duck-salad,Lemon garlic duck salad,"A fresh bowl of leaves, cucumber and duck breast with a bright lemon and garlic dressing.",Mediterranean,False,10
creamy-duck-salad,Creamy duck salad,"A fresh bowl of leaves, cucumber and duck breast with a rich, creamy dressing.",Mediterranean,False,15
spicy-duck-soup,Spicy duck soup,"A warming pot of duck breast and root vegetables in a fiery chili broth, served hot.",French,False,40
smoky-duck-soup,Smoky duck soup,"A warming pot of duck breast and root vegetables in a smoky paprika broth, served hot.",French,False,40
lemon-garlic-duck-soup,Lemon garlic duck soup,"A warming pot of duck breast and root vegetables in a bright lemon and garlic broth, served hot.",French,False,60
honey-ginger-duck-soup,Honey ginger duck soup,"A warming pot of duck breast and root vegetables in a sweet honey and ginger broth, served hot.",French,False,40
herby-duck-soup,Herby duck soup,"A warming pot of duck breast and root vegetables in a fresh herb broth, served hot.",French,False,40
smoky-duck-pasta,Smoky duck pasta,"Pasta tossed with duck breast, garlic and a smoky paprika sauce, topped with herbs.",Italian,False,30
lemon-garlic-duck-pasta,Lemon garlic duck pasta,"Pasta tossed with duck breast, garlic and a bright lemon and garlic sauce, topped with herbs.",Italian,False,35
creamy-duck-pasta,Creamy duck pasta,"Pasta tossed with duck breast, garlic and a rich, creamy sauce, topped with herbs.",Italian,False,20
herby-duck-pasta,Herby duck pasta,"Pasta tossed with duck breast, garlic and a fresh herb sauce, topped with herbs.",Italian,False,35
smoky-duck-burger,Smoky duck burger,"A toasted bun with a smoky paprika duck breast patty, pickles and crunchy lettuce.",American,False,35
lemon-garlic-duck-burger,Lemon garlic duck burger,"A toasted bun with a bright lemon and garlic duck breast patty, pickles and crunchy lettuce.",American,False,30
honey-ginger-duck-burger,Honey ginger duck burger,"A toasted bun with a sweet honey and ginger duck breast patty, pickles and crunchy lettuce.",American,False,35
herby-duck-burger,Herby duck burger,"A toasted bun with a fresh herb duck breast patty, pickles and crunchy lettuce.",American,False,40
spicy-duck-skewers,Spicy duck skewers,"Duck breast threaded on skewers, grilled over high heat and brushed with a fiery chili glaze.",Greek,False,30
smoky-duck-skewers,Smoky duck skewers,"Duck breast threaded on skewers, grilled over high heat and brushed with a smoky paprika glaze.",Greek,False,30
lemon-garlic-duck-skewers,Lemon garlic duck skewers,"Duck breast threaded on skewers, grilled over high heat and brushed with a bright lemon and garlic glaze.",Greek,False,40
creamy-duck-skewers,Creamy duck skewers,"Duck breast threaded on skewers, grilled over high heat and brushed with a rich, creamy glaze.",Greek,False,35
honey-ginger-duck-skewers,Honey ginger duck skewers,"Duck breast threaded on skewers, grilled over high heat and brushed with a sweet honey and ginger glaze.",Greek,False,25
herby-duck-skewers,Herby duck skewers,"Duck breast threaded on skewers, grilled over high heat and brushed with a fresh herb glaze.",Greek,False,40
spicy-duck-stew,Spicy duck stew,"Duck breast braised slowly with carrots, potatoes and a fiery chili gravy until thick.",British,False,110
smoky-duck-stew,Smoky duck stew,"Duck breast braised slowly with carrots, potatoes and a smoky paprika gravy until thick.",British,False,120
lemon-garlic-duck-stew,Lemon garlic duck stew,"Duck breast braised slowly with carrots, potatoes and a bright lemon and garlic gravy until thick.",British,False,120
honey-ginger-duck-stew,Honey ginger duck stew,"Duck breast braised slowly with carrots, potatoes and a sweet honey and ginger gravy until thick.",British,False,125
herby-duck-stew,Herby duck stew,"Duck breast braised slowly with carrots, potatoes and a fresh herb gravy until thick.",British,False,120
spicy-duck-noodle-bowl,Spicy duck noodle bowl,"Noodles in a steaming broth with duck breast, spring onions and a fiery chili kick.",Japanese,False,20
smoky-duck-noodle-bowl,Smoky duck noodle bowl,"Noodles in a steaming broth with duck breast, spring onions and a smoky paprika kick.",Japanese,False,35
lemon-garlic-duck-noodle-bowl,Lemon garlic duck noodle bowl,"Noodles in a steaming broth with duck breast, spring onions and a bright lemon and garlic kick.",Japanese,False,20
creamy-duck-noodle-bowl,Creamy duck noodle bowl,"Noodles in a steaming broth with duck breast, spring onions and a rich, creamy kick.",Japanese,False,30
honey-ginger-duck-noodle-bowl,Honey ginger duck noodle bowl,"Noodles in a steaming broth with duck breast, spring onions and a sweet honey and ginger kick.",Japanese,False,20
herby-duck-noodle-bowl,Herby duck noodle bowl,"Noodles in a steaming broth with duck breast, spring onions and a fresh herb kick.",Japanese,False,30
spicy-duck-wrap,Spicy duck wrap,"Warm flatbread rolled around duck breast, hummus, salad and a fiery chili sauce.",Middle Eastern,False,20
smoky-duck-wrap,Smoky duck wrap,"Warm flatbread rolled around duck breast, hummus, salad and a smoky paprika sauce.",Middle Eastern,False,10
lemon-garlic-duck-wrap,Lemon garlic duck wrap,"Warm flatbread rolled around duck breast, hummus, salad and a bright lemon and garlic sauce.",Middle Eastern,False,20
creamy-duck-wrap,Creamy duck wrap,"Warm flatbread rolled around duck breast, hummus, salad and a rich, creamy sauce.",Middle Eastern,False,20
honey-ginger-duck-wrap,Honey ginger duck wrap,"Warm flatbread rolled around duck breast, hummus, salad and a sweet honey and ginger sauce.",Middle Eastern,False,30
herby-duck-wrap,Herby duck wrap,"Warm flatbread rolled around duck breast, hummus, salad and a fresh herb sauce.",Middle Eastern,False,15
spicy-duck-traybake,Spicy duck traybake,Duck breast and vegetables roasted together on one tray with a fiery chili seasoning.,British,False,55
lemon-garlic-duck-traybake,Lemon garlic duck traybake,Duck breast and vegetables roasted together on one tray with a bright lemon and garlic seasoning.,British,False,60
creamy-duck-traybake,Creamy duck traybake,"Duck breast and vegetables roasted together on one tray with a rich, creamy seasoning.",British,False,50
honey-ginger-duck-traybake,Honey ginger duck traybake,Duck breast and vegetables roasted together on one tray with a sweet honey and ginger seasoning.,British,False,65
smoky-duck-fried-rice,Smoky duck fried rice,"Day-old rice fried with egg, peas and duck breast in a smoky paprika sauce.",Chinese,False,15
creamy-duck-fried-rice,Creamy duck fried rice,"Day-old rice fried with egg, peas and duck breast in a rich, creamy sauce.",Chinese,False,15
honey-ginger-duck-fried-rice,Honey ginger duck fried rice,"Day-old rice fried with egg, peas and duck breast in a sweet honey and ginger sauce.",Chinese,False,25
herby-duck-fried-rice,Herby duck fried rice,"Day-old rice fried with egg, peas and duck breast in a fresh herb sauce.",Chinese,False,10
spicy-duck-pie,Spicy duck pie,"Duck breast in a fiery chili filling under a golden, flaky pastry lid.",British,False,65
smoky-duck-pie,Smoky duck pie,"Duck breast in a smoky paprika filling under a golden, flaky pastry lid.",British,False,65
lemon-garlic-duck-pie,Lemon garlic duck pie,"Duck breast in a bright lemon and garlic filling under a golden, flaky pastry lid.",British,False,75
creamy-duck-pie,Creamy duck pie,"Duck breast in a rich, creamy filling under a golden, flaky pastry lid.",British,False,85
honey-ginger-duck-pie,Honey ginger duck pie,"Duck breast in a sweet honey and ginger filling under a golden, flaky pastry lid.",British,False,80
herby-duck-pie,Herby duck pie,"Duck breast in a fresh herb filling under a golden, flaky pastry lid.",British,False,70
smoky-duck-green-curry,Smoky duck green curry,Duck breast cooked in coconut milk with green curry paste and a smoky paprika edge.,Thai,False,45
creamy-duck-green-curry,Creamy duck green curry,"Duck breast cooked in coconut milk with green curry paste and a rich, creamy edge.",Thai,False,40
honey-ginger-duck-green-curry,Honey ginger duck green curry,Duck breast cooked in coconut milk with green curry paste and a sweet honey and ginger edge.,Thai,False,30
herby-duck-green-curry,Herby duck green curry,Duck breast cooked in coconut milk with green curry paste and a fresh herb edge.,Thai,False,40
smoky-duck-enchiladas,Smoky duck enchiladas,"Tortillas rolled around duck breast, covered with a smoky paprika sauce and cheese, then baked.",Mexican,False,45
lemon-garlic-duck-enchiladas,Lemon garlic duck enchiladas,"Tortillas rolled around duck breast, covered with a bright lemon and garlic sauce and cheese, then baked.",Mexican,False,60
creamy-duck-enchiladas,Creamy duck enchiladas,"Tortillas rolled around duck breast, covered with a rich, creamy sauce and cheese, then baked.",Mexican,False,55
honey-ginger-duck-enchiladas,Honey ginger duck enchiladas,"Tortillas rolled around duck breast, covered with a sweet honey and ginger sauce and cheese, then baked.",Mexican,False,55
herby-duck-enchiladas,Herby duck enchiladas,"Tortillas rolled around duck breast, covered with a fresh herb sauce and cheese, then baked.",Mexican,False,45
spicy-duck-flatbread,Spicy duck flatbread,"Crisp flatbread topped with duck breast, yogurt and a fiery chili drizzle.",Middle Eastern,False,15
smoky-duck-flatbread,Smoky duck flatbread,"Crisp flatbread topped with duck breast, yogurt and a smoky paprika drizzle.",Middle Eastern,False,35
lemon-garlic-duck-flatbread,Lemon garlic duck flatbread,"Crisp flatbread topped with duck breast, yogurt and a bright lemon and garlic drizzle.",Middle Eastern,False,15
creamy-duck-flatbread,Creamy duck flatbread,"Crisp flatbread topped with duck breast, yogurt and a rich, creamy drizzle.",Middle Eastern,False,20
spicy-tuna-curry,Spicy tuna curry,"Seared tuna simmered in a fiery chili curry sauce with onion, ginger and garam masala, served with rice.",Indian,False,45
smoky-tuna-curry,Smoky tuna curry,"Seared tuna simmered in a smoky paprika curry sauce with onion, ginger and garam masala, served with rice.",Indian,False,50
lemon-garlic-tuna-curry,Lemon garlic tuna curry,"Seared tuna simmered in a bright lemon and garlic curry sauce with onion, ginger and garam masala, served with rice.",Indian,False,40
creamy-tuna-curry,Creamy tuna curry,"Seared tuna simmered in a rich, creamy curry sauce with onion, ginger and garam masala, served with rice.",Indian,False,45
honey-ginger-tuna-curry,Honey ginger tuna curry,"Seared tuna simmered in a sweet honey and ginger curry sauce with onion, ginger and garam masala, served with rice.",Indian,False,45
herby-tuna-curry,Herby tuna curry,"Seared tuna simmered in a fresh herb curry sauce with onion, ginger and garam masala, served with rice.",Indian,False,40
spicy-tuna-tacos,Spicy tuna tacos,"Soft tortillas filled with fiery chili seared tuna, salsa, lime and shredded cabbage.",Mexican,False,30
smoky-tuna-tacos,Smoky tuna tacos,"Soft tortillas filled with smoky paprika seared tuna, salsa, lime and shredded cabbage.",Mexican,False,25
lemon-garlic-tuna-tacos,Lemon garlic tuna tacos,"Soft tortillas filled with bright lemon and garlic seared tuna, salsa, lime and shredded cabbage.",Mexican,False,30
creamy-tuna-tacos,Creamy tuna tacos,"Soft tortillas filled with rich, creamy seared tuna, salsa, lime and shredded cabbage.",Mexican,False,30
honey-ginger-tuna-tacos,Honey ginger tuna tacos,"Soft tortillas filled with sweet honey and ginger seared tuna, salsa, lime and shredded cabbage.",Mexican,False,25
smoky-tuna-stir-fry,Smoky tuna stir-fry,"Seared tuna tossed in a hot wok with vegetables and a smoky paprika sauce, served over noodles.",Chinese,False,15
lemon-garlic-tuna-stir-fry,Lemon garlic tuna stir-fry,"Seared tuna tossed in a hot wok with vegetables and a bright lemon and garlic sauce, served over noodles.",Chinese,False,20
creamy-tuna-stir-fry,Creamy tuna stir-fry,"Seared tuna tossed in a hot wok with vegetables and a rich, creamy sauce, served over noodles.",Chinese,False,20
herby-tuna-stir-fry,Herby tuna stir-fry,"Seared tuna tossed in a hot wok with vegetables and a fresh herb sauce, served over noodles.",Chinese,False,15
spicy-tuna-risotto,Spicy tuna risotto,"Creamy arborio rice stirred slowly with seared tuna, parmesan and a fiery chili finish.",Italian,False,50
smoky-tuna-risotto,Smoky tuna risotto,"Creamy arborio rice stirred slowly with seared tuna, parmesan and a smoky paprika finish.",Italian,False,40
lemon-garlic-tuna-risotto,Lemon garlic tuna risotto,"Creamy arborio rice stirred slowly with seared tuna, parmesan and a bright lemon and garlic finish.",Italian,False,35
creamy-tuna-risotto,Creamy tuna risotto,"Creamy arborio rice stirred slowly with seared tuna, parmesan and a rich, creamy finish.",Italian,False,55
honey-ginger-tuna-risotto,Honey ginger tuna risotto,"Creamy arborio rice stirred slowly with seared tuna, parmesan and a sweet honey and ginger finish.",Italian,False,55
herby-tuna-risotto,Herby tuna risotto,"Creamy arborio rice stirred slowly with seared tuna, parmesan and a fresh herb finish.",Italian,False,55
spicy-tuna-salad,Spicy tuna salad,"A fresh bowl of leaves, cucumber and seared tuna with a fiery chili dressing.",Mediterranean,False,20
lemon-garlic-tuna-salad,Lemon garlic tuna salad,"A fresh bowl of leaves, cucumber and seared tuna with a bright lemon and garlic dressing.",Mediterranean,False,20
creamy-tuna-salad,Creamy tuna salad,"A fresh bowl of leaves, cucumber and seared tuna with a rich, creamy dressing.",Mediterranean,False,25
honey-ginger-tuna-salad,Honey ginger tuna salad,"A fresh bowl of leaves, cucumber and seared tuna with a sweet honey and ginger dressing.",Mediterranean,False,15
herby-tuna-salad,Herby tuna salad,"A fresh bowl of leaves, cucumber and seared tuna with a fresh herb dressing.",Mediterranean,False,25
spicy-tuna-soup,Spicy tuna soup,"A warming pot of seared tuna and root vegetables in a fiery chili broth, served hot.",French,False,55
smoky-tuna-soup,Smoky tuna soup,"A warming pot of seared tuna and root vegetables in a smoky paprika broth, served hot.",French,False,60
lemon-garlic-tuna-soup,Lemon garlic tuna soup,"A warming pot of seared tuna and root vegetables in a bright lemon and garlic broth, served hot.",French,False,50
creamy-tuna-soup,Creamy tuna soup,"A warming pot of seared tuna and root vegetables in a rich, creamy broth, served hot.",French,False,60
honey-ginger-tuna-soup,Honey ginger tuna soup,"A warming pot of seared tuna and root vegetables in a sweet honey and ginger broth, served hot.",French,False,55
herby-tuna-soup,Herby tuna soup,"A warming pot of seared tuna and root vegetables in a fresh herb broth, served hot.",French,False,40
smoky-tuna-pasta,Smoky tuna pasta,"Pasta tossed with seared tuna, garlic and a smoky paprika sauce, topped with herbs.",Italian,False,15
lemon-garlic-tuna-pasta,Lemon garlic tuna pasta,"Pasta tossed with seared tuna, garlic and a bright lemon and garlic sauce, topped with herbs.",Italian,False,35
herby-tuna-pasta,Herby tuna pasta,"Pasta tossed with seared tuna, garlic and a fresh herb sauce, topped with herbs.",Italian,False,20
smoky-tuna-burger,Smoky tuna burger,"A toasted bun with a smoky paprika seared tuna patty, pickles and crunchy lettuce.",American,False,20
lemon-garlic-tuna-burger,Lemon garlic tuna burger,"A toasted bun with a bright lemon and garlic seared tuna patty, pickles and crunchy lettuce.",American,False,25
honey-ginger-tuna-burger,Honey ginger tuna burger,"A toasted bun with a sweet honey and ginger seared tuna patty, pickles and crunchy lettuce.",American,False,30
spicy-tuna-skewers,Spicy tuna skewers,"Seared tuna threaded on skewers, grilled over high heat and brushed with a fiery chili glaze.",Greek,False,25
smoky-tuna-skewers,Smoky tuna skewers,"Seared tuna threaded on skewers, grilled over high heat and brushed with a smoky paprika glaze.",Greek,False,25
lemon-garlic-tuna-skewers,Lemon garlic tuna skewers,"Seared tuna threaded on skewers, grilled over high heat and brushed with a bright lemon and garlic glaze.",Greek,False,45
creamy-tuna-skewers,Creamy tuna skewers,"Seared tuna threaded on skewers, grilled over high heat and brushed with a rich, creamy glaze.",Greek,False,35
honey-ginger-tuna-skewers,Honey ginger tuna skewers,"Seared tuna threaded on skewers, grilled over high heat and brushed with a sweet honey and ginger glaze.",Greek,False,45
spicy-tuna-stew,Spicy tuna stew,"Seared tuna braised slowly with carrots, potatoes and a fiery chili gravy until thick.",British,False,110
smoky-tuna-stew,Smoky tuna stew,"Seared tuna braised slowly with carrots, potatoes and a smoky paprika gravy until thick.",British,False,130
lemon-garlic-tuna-stew,Lemon garlic tuna stew,"Seared tuna braised slowly with carrots, potatoes and a bright lemon and garlic gravy until thick.",British,False,110
creamy-tuna-stew,Creamy tuna stew,"Seared tuna braised slowly with carrots, potatoes and a rich, creamy gravy until thick.",British,False,110
herby-tuna-stew,Herby tuna stew,"Seared tuna braised slowly with carrots, potatoes and a fresh herb gravy until thick.",British,False,115
smoky-tuna-noodle-bowl,Smoky tuna noodle bowl,"Noodles in a steaming broth with seared tuna, spring onions and a smoky paprika kick.",Japanese,False,35
lemon-garlic-tuna-noodle-bowl,Lemon garlic tuna noodle bowl,"Noodles in a steaming broth with seared tuna, spring onions and a bright lemon and garlic kick.",Japanese,False,30
creamy-tuna-noodle-bowl,Creamy tuna noodle bowl,"Noodles in a steaming broth with seared tuna, spring onions and a rich, creamy kick.",Japanese,False,25
herby-tuna-noodle-bowl,Herby tuna noodle bowl,"Noodles in a steaming broth with seared tuna, spring onions and a fresh herb kick.",Japanese,False,40
spicy-tuna-wrap,Spicy tuna wrap,"Warm flatbread rolled around seared tuna, hummus, salad and a fiery chili sauce.",Middle Eastern,False,30
smoky-tuna-wrap,Smoky tuna wrap,"Warm flatbread rolled around seared tuna, hummus, salad and a smoky paprika sauce.",Middle Eastern,False,30
lemon-garlic-tuna-wrap,Lemon garlic tuna wrap,"Warm flatbread rolled around seared tuna, hummus, salad and a bright lemon and garlic sauce.",Middle Eastern,False,10
creamy-tuna-wrap,Creamy tuna wrap,"Warm flatbread rolled around seared tuna, hummus, salad and a rich, creamy sauce.",Middle Eastern,False,30
herby-tuna-wrap,Herby tuna wrap,"Warm flatbread rolled around seared tuna, hummus, salad and a fresh herb sauce.",Middle Eastern,False,25
spicy-tuna-traybake,Spicy tuna traybake,Seared tuna and vegetables roasted together on one tray with a fiery chili seasoning.,British,False,65
smoky-tuna-traybake,Smoky tuna traybake,Seared tuna and vegetables roasted together on one tray with a smoky paprika seasoning.,British,False,45
lemon-garlic-tuna-traybake,Lemon garlic tuna traybake,Seared tuna and vegetables roasted together on one tray with a bright lemon and garlic seasoning.,British,False,50
honey-ginger-tuna-traybake,Honey ginger tuna traybake,Seared tuna and vegetables roasted together on one tray with a sweet honey and ginger seasoning.,British,False,45
herby-tuna-traybake,Herby tuna traybake,Seared tuna and vegetables roasted together on one tray with a fresh herb seasoning.,British,False,45
spicy-tuna-fried-rice,Spicy tuna fried rice,"Day-old rice fried with egg, peas and seared tuna in a fiery chili sauce.",Chinese,False,10
smoky-tuna-fried-rice,Smoky tuna fried rice,"Day-old rice fried with egg, peas and seared tuna in a smoky paprika sauce.",Chinese,False,10
lemon-garlic-tuna-fried-rice,Lemon garlic tuna fried rice,"Day-old rice fried with egg, peas and seared tuna in a bright lemon and garlic sauce.",Chinese,False,15
creamy-tuna-fried-rice,Creamy tuna fried rice,"Day-old rice fried with egg, peas and seared tuna in a rich, creamy sauce.",Chinese,False,25
honey-ginger-tuna-fried-rice,Honey ginger tuna fried rice,"Day-old rice fried with egg, peas and seared tuna in a sweet honey and ginger sauce.",Chinese,False,10
herby-tuna-fried-rice,Herby tuna fried rice,"Day-old rice fried with egg, peas and seared tuna in a fresh herb sauce.",Chinese,False,25
spicy-tuna-pie,Spicy tuna pie,"Seared tuna in a fiery chili filling under a golden, flaky pastry lid.",British,False,65
smoky-tuna-pie,Smoky tuna pie,"Seared tuna in a smoky paprika filling under a golden, flaky pastry lid.",British,False,65
lemon-garlic-tuna-pie,Lemon garlic tuna pie,"Seared tuna in a bright lemon and garlic filling under a golden, flaky pastry lid.",British,False,65
creamy-tuna-pie,Creamy tuna pie,"Seared tuna in a rich, creamy filling under a golden, flaky pastry lid.",British,False,75
honey-ginger-tuna-pie,Honey ginger tuna pie,"Seared tuna in a sweet honey and ginger filling under a golden, flaky pastry lid.",British,False,70
herby-tuna-pie,Herby tuna pie,"Seared tuna in a fresh herb filling under a golden, flaky pastry lid.",British,False,80
spicy-tuna-green-curry,Spicy tuna green curry,Seared tuna cooked in coconut milk with green curry paste and a fiery chili edge.,Thai,False,45
smoky-tuna-green-curry,Smoky tuna green curry,Seared tuna cooked in coconut milk with green curry paste and a smoky paprika edge.,Thai,False,30
lemon-garlic-tuna-green-curry,Lemon garlic tuna green curry,Seared tuna cooked in coconut milk with green curry paste and a bright lemon and garlic edge.,Thai,False,45
creamy-tuna-green-curry,Creamy tuna green curry,"Seared tuna cooked in coconut milk with green curry paste and a rich, creamy edge.",Thai,False,30
herby-tuna-green-curry,Herby tuna green curry,Seared tuna cooked in coconut milk with green curry paste and a fresh herb edge.,Thai,False,25
spicy-tuna-enchiladas,Spicy tuna enchiladas,"Tortillas rolled around seared tuna, covered with a fiery chili sauce and cheese, then baked.",Mexican,False,50
smoky-tuna-enchiladas,Smoky tuna enchiladas,"Tortillas rolled around seared tuna, covered with a smoky paprika sauce and cheese, then baked.",Mexican,False,40
lemon-garlic-tuna-enchiladas,Lemon garlic tuna enchiladas,"Tortillas rolled around seared tuna, covered with a bright lemon and garlic sauce and cheese, then baked.",Mexican,False,60
creamy-tuna-enchiladas,Creamy tuna enchiladas,"Tortillas rolled around seared tuna, covered with a rich, creamy sauce and cheese, then baked.",Mexican,False,55
honey-ginger-tuna-enchiladas,Honey ginger tuna enchiladas,"Tortillas rolled around seared tuna, covered with a sweet honey and ginger sauce and cheese, then baked.",Mexican,False,60
herby-tuna-enchiladas,Herby tuna enchiladas,"Tortillas rolled around seared tuna, covered with a fresh herb sauce and cheese, then baked.",Mexican,False,60
spicy-tuna-flatbread,Spicy tuna flatbread,"Crisp flatbread topped with seared tuna, yogurt and a fiery chili drizzle.",Middle Eastern,False,35
smoky-tuna-flatbread,Smoky tuna flatbread,"Crisp flatbread topped with seared tuna, yogurt and a smoky paprika drizzle.",Middle Eastern,False,20
lemon-garlic-tuna-flatbread,Lemon garlic tuna flatbread,"Crisp flatbread topped with seared tuna, yogurt and a bright lemon and garlic drizzle.",Middle Eastern,False,15
honey-ginger-tuna-flatbread,Honey ginger tuna flatbread,"Crisp flatbread topped with seared tuna, yogurt and a sweet honey and ginger drizzle.",Middle Eastern,False,30
herby-tuna-flatbread,Herby tuna flatbread,"Crisp flatbread topped with seared tuna, yogurt and a fresh herb drizzle.",Middle Eastern,False,15
spicy-tofu-curry,Spicy tofu curry,"Crispy tofu simmered in a fiery chili curry sauce with onion, ginger and garam masala, served with rice.",Indian,True,40
smoky-tofu-curry,Smoky tofu curry,"Crispy tofu simmered in a smoky paprika curry sauce with onion, ginger and garam masala, served with rice.",Indian,True,50
lemon-garlic-tofu-curry,Lemon garlic tofu curry,"Crispy tofu simmered in a bright lemon and garlic curry sauce with onion, ginger and garam masala, served with rice.",Indian,True,40
honey-ginger-tofu-curry,Honey ginger tofu curry,"Crispy tofu simmered in a sweet honey and ginger curry sauce with onion, ginger and garam masala, served with rice.",Indian,True,30
herby-tofu-curry,Herby tofu curry,"Crispy tofu simmered in a fresh herb curry sauce with onion, ginger and garam masala, served with rice.",Indian,True,40
spicy-tofu-tacos,Spicy tofu tacos,"Soft tortillas filled with fiery chili crispy tofu, salsa, lime and shredded cabbage.",Mexican,True,30
smoky-tofu-tacos,Smoky tofu tacos,"Soft tortillas filled with smoky paprika crispy tofu, salsa, lime and shredded cabbage.",Mexican,True,15
lemon-garlic-tofu-tacos,Lemon garlic tofu tacos,"Soft tortillas filled with bright lemon and garlic crispy tofu, salsa, lime and shredded cabbage.",Mexican,True,15
creamy-tofu-tacos,Creamy tofu tacos,"Soft tortillas filled with rich, creamy crispy tofu, salsa, lime and shredded cabbage.",Mexican,True,20
honey-ginger-tofu-tacos,Honey ginger tofu tacos,"Soft tortillas filled with sweet honey and ginger crispy tofu, salsa, lime and shredded cabbage.",Mexican,True,15
smoky-tofu-stir-fry,Smoky tofu stir-fry,"Crispy tofu tossed in a hot wok with vegetables and a smoky paprika sauce, served over noodles.",Chinese,True,25
lemon-garlic-tofu-stir-fry,Lemon garlic tofu stir-fry,"Crispy tofu tossed in a hot wok with vegetables and a bright lemon and garlic sauce, served over noodles.",Chinese,True,20
creamy-tofu-stir-fry,Creamy tofu stir-fry,"Crispy tofu tossed in a hot wok with vegetables and a rich, creamy sauce, served over noodles.",Chinese,True,15
honey-ginger-tofu-stir-fry,Honey ginger tofu stir-fry,"Crispy tofu tossed in a hot wok with vegetables and a sweet honey and ginger sauce, served over noodles.",Chinese,True,15
spicy-tofu-risotto,Spicy tofu risotto,"Creamy arborio rice stirred slowly with crispy tofu, parmesan and a fiery chili finish.",Italian,True,50
smoky-tofu-risotto,Smoky tofu risotto,"Creamy arborio rice stirred slowly with crispy tofu, parmesan and a smoky paprika finish.",Italian,True,40
lemon-garlic-tofu-risotto,Lemon garlic tofu risotto,"Creamy arborio rice stirred slowly with crispy tofu, parmesan and a bright lemon and garlic finish.",Italian,True,35
honey-ginger-tofu-risotto,Honey ginger tofu risotto,"Creamy arborio rice stirred slowly with crispy tofu, parmesan and a sweet honey and ginger finish.",Italian,True,35
herby-tofu-risotto,Herby tofu risotto,"Creamy arborio rice stirred slowly with crispy tofu, parmesan and a fresh herb finish.",Italian,True,50
spicy-tofu-salad,Spicy tofu salad,"A fresh bowl of leaves, cucumber and crispy tofu with a fiery chili dressing.",Mediterranean,True,10
lemon-garlic-tofu-salad,Lemon garlic tofu salad,"A fresh bowl of leaves, cucumber and crispy tofu with a bright lemon and garlic dressing.",Mediterranean,True,5
creamy-tofu-salad,Creamy tofu salad,"A fresh bowl of leaves, cucumber and crispy tofu with a rich, creamy dressing.",Mediterranean,True,10
honey-ginger-tofu-salad,Honey ginger tofu salad,"A fresh bowl of leaves, cucumber and crispy tofu with a sweet honey and ginger dressing.",Mediterranean,True,5
herby-tofu-salad,Herby tofu salad,"A fresh bowl of leaves, cucumber and crispy tofu with a fresh herb dressing.",Mediterranean,True,5
spicy-tofu-soup,Spicy tofu soup,"A warming pot of crispy tofu and root vegetables in a fiery chili broth, served hot.",French,True,40
lemon-garlic-tofu-soup,Lemon garlic tofu soup,"A warming pot of crispy tofu and root vegetables in a bright lemon and garlic broth, served hot.",French,True,55
creamy-tofu-soup,Creamy tofu soup,"A warming pot of crispy tofu and root vegetables in a rich, creamy broth, served hot.",French,True,55
herby-tofu-soup,Herby tofu soup,"A warming pot of crispy tofu and root vegetables in a fresh herb broth, served hot.",French,True,55
spicy-tofu-pasta,Spicy tofu pasta,"Pasta tossed with crispy tofu, garlic and a fiery chili sauce, topped with herbs.",Italian,True,30
smoky-tofu-pasta,Smoky tofu pasta,"Pasta tossed with crispy tofu, garlic and a smoky paprika sauce, topped with herbs.",Italian,True,30
creamy-tofu-pasta,Creamy tofu pasta,"Pasta tossed with crispy tofu, garlic and a rich, creamy sauce, topped with herbs.",Italian,True,30
honey-ginger-tofu-pasta,Honey ginger tofu pasta,"Pasta tossed with crispy tofu, garlic and a sweet honey and ginger sauce, topped with herbs.",Italian,True,30
herby-tofu-pasta,Herby tofu pasta,"Pasta tossed with crispy tofu, garlic and a fresh herb sauce, topped with herbs.",Italian,True,35
spicy-tofu-burger,Spicy tofu burger,"A toasted bun with a fiery chili crispy tofu patty, pickles and crunchy lettuce.",American,True,20
smoky-tofu-burger,Smoky tofu burger,"A toasted bun with a smoky paprika crispy tofu patty, pickles and crunchy lettuce.",American,True,30
lemon-garlic-tofu-burger,Lemon garlic tofu burger,"A toasted bun with a bright lemon and garlic crispy tofu patty, pickles and crunchy lettuce.",American,True,30
creamy-tofu-burger,Creamy tofu burger,"A toasted bun with a rich, creamy crispy tofu patty, pickles and crunchy lettuce.",American,True,40
herby-tofu-burger,Herby tofu burger,"A toasted bun with a fresh herb crispy tofu patty, pickles and crunchy lettuce.",American,True,30
spicy-tofu-skewers,Spicy tofu skewers,"Crispy tofu threaded on skewers, grilled over high heat and brushed with a fiery chili glaze.",Greek,True,30
smoky-tofu-skewers,Smoky tofu skewers,"Crispy tofu threaded on skewers, grilled over high heat and brushed with a smoky paprika glaze.",Greek,True,45
lemon-garlic-tofu-skewers,Lemon garlic tofu skewers,"Crispy tofu threaded on skewers, grilled over high heat and brushed with a bright lemon and garlic glaze.",Greek,True,30
creamy-tofu-skewers,Creamy tofu skewers,"Crispy tofu threaded on skewers, grilled over high heat and brushed with a rich, creamy glaze.",Greek,True,40
honey-ginger-tofu-skewers,Honey ginger tofu skewers,"Crispy tofu threaded on skewers, grilled over high heat and brushed with a sweet honey and ginger glaze.",Greek,True,45
herby-tofu-skewers,Herby tofu skewers,"Crispy tofu threaded on skewers, grilled over high heat and brushed with a fresh herb glaze.",Greek,True,25
spicy-tofu-stew,Spicy tofu stew,"Crispy tofu braised slowly with carrots, potatoes and a fiery chili gravy until thick.",British,True,120
smoky-tofu-stew,Smoky tofu stew,"Crispy tofu braised slowly with carrots, potatoes and a smoky paprika gravy until thick.",British,True,115
lemon-garlic-tofu-stew,Lemon garlic tofu stew,"Crispy tofu braised slowly with carrots, potatoes and a bright lemon and garlic gravy until thick.",British,True,120
creamy-tofu-stew,Creamy tofu stew,"Crispy tofu braised slowly with carrots, potatoes and a rich, creamy gravy until thick.",British,True,115
honey-ginger-tofu-stew,Honey ginger tofu stew,"Crispy tofu braised slowly with carrots, potatoes and a sweet honey and ginger gravy until thick.",British,True,115
herby-tofu-stew,Herby tofu stew,"Crispy tofu braised slowly with carrots, potatoes and a fresh herb gravy until thick.",British,True,130
spicy-tofu-noodle-bowl,Spicy tofu noodle bowl,"Noodles in a steaming broth with crispy tofu, spring onions and a fiery chili kick.",Japanese,True,30
smoky-tofu-noodle-bowl,Smoky tofu noodle bowl,"Noodles in a steaming broth with crispy tofu, spring onions and a smoky paprika kick.",Japanese,True,35
lemon-garlic-tofu-noodle-bowl,Lemon garlic tofu noodle bowl,"Noodles in a steaming broth with crispy tofu, spring onions and a bright lemon and garlic kick.",Japanese,True,25
creamy-tofu-noodle-bowl,Creamy tofu noodle bowl,"Noodles in a steaming broth with crispy tofu, spring onions and a rich, creamy kick.",Japanese,True,30
honey-ginger-tofu-noodle-bowl,Honey ginger tofu noodle bowl,"Noodles in a steaming broth with crispy tofu, spring onions and a sweet honey and ginger kick.",Japanese,True,25
herby-tofu-noodle-bowl,Herby tofu noodle bowl,"Noodles in a steaming broth with crispy tofu, spring onions and a fresh herb kick.",Japanese,True,30
lemon-garlic-tofu-wrap,Lemon garlic tofu wrap,"Warm flatbread rolled around crispy tofu, hummus, salad and a bright lemon and garlic sauce.",Middle Eastern,True,30
creamy-tofu-wrap,Creamy tofu wrap,"Warm flatbread rolled around crispy tofu, hummus, salad and a rich, creamy sauce.",Middle Eastern,True,10
honey-ginger-tofu-wrap,Honey ginger tofu wrap,"Warm flatbread rolled around crispy tofu, hummus, salad and a sweet honey and ginger sauce.",Middle Eastern,True,25
herby-tofu-wrap,Herby tofu wrap,"Warm flatbread rolled around crispy tofu, hummus, salad and a fresh herb sauce.",Middle Eastern,True,25
spicy-tofu-traybake,Spicy tofu traybake,Crispy tofu and vegetables roasted together on one tray with a fiery chili seasoning.,British,True,55
smoky-tofu-traybake,Smoky tofu traybake,Crispy tofu and vegetables roasted together on one tray with a smoky paprika seasoning.,British,True,55
lemon-garlic-tofu-traybake,Lemon garlic tofu traybake,Crispy tofu and vegetables roasted together on one tray with a bright lemon and garlic seasoning.,British,True,50
creamy-tofu-traybake,Creamy tofu traybake,"Crispy tofu and vegetables roasted together on one tray with a rich, creamy seasoning.",British,True,50
honey-ginger-tofu-traybake,Honey ginger tofu traybake,Crispy tofu and vegetables roasted together on one tray with a sweet honey and ginger seasoning.,British,True,60
herby-tofu-traybake,Herby tofu traybake,Crispy tofu and vegetables roasted together on one tray with a fresh herb seasoning.,British,True,45
smoky-tofu-fried-rice,Smoky tofu fried rice,"Day-old rice fried with egg, peas and crispy tofu in a smoky paprika sauce.",Chinese,True,20
lemon-garlic-tofu-fried-rice,Lemon garlic tofu fried rice,"Day-old rice fried with egg, peas and crispy tofu in a bright lemon and garlic sauce.",Chinese,True,15
creamy-tofu-fried-rice,Creamy tofu fried rice,"Day-old rice fried with egg, peas and crispy tofu in a rich, creamy sauce.",Chinese,True,25
honey-ginger-tofu-fried-rice,Honey ginger tofu fried rice,"Day-old rice fried with egg, peas and crispy tofu in a sweet honey and ginger sauce.",Chinese,True,15
herby-tofu-fried-rice,Herby tofu fried rice,"Day-old rice fried with egg, peas and crispy tofu in a fresh herb sauce.",Chinese,True,30
spicy-tofu-pie,Spicy tofu pie,"Crispy tofu in a fiery chili filling under a golden, flaky pastry lid.",British,True,80
smoky-tofu-pie,Smoky tofu pie,"Crispy tofu in a smoky paprika filling under a golden, flaky pastry lid.",British,True,75
creamy-tofu-pie,Creamy tofu pie,"Crispy tofu in a rich, creamy filling under a golden, flaky pastry lid.",British,True,85
honey-ginger-tofu-pie,Honey ginger tofu pie,"Crispy tofu in a sweet honey and ginger filling under a golden, flaky pastry lid.",British,True,80
herby-tofu-pie,Herby tofu pie,"Crispy tofu in a fresh herb filling under a golden, flaky pastry lid.",British,True,75
spicy-tofu-green-curry,Spicy tofu green curry,Crispy tofu cooked in coconut milk with green curry paste and a fiery chili edge.,Thai,True,25
smoky-tofu-green-curry,Smoky tofu green curry,Crispy tofu cooked in coconut milk with green curry paste and a smoky paprika edge.,Thai,True,30
creamy-tofu-green-curry,Creamy tofu green curry,"Crispy tofu cooked in coconut milk with green curry paste and a rich, creamy edge.",Thai,True,40
honey-ginger-tofu-green-curry,Honey ginger tofu green curry,Crispy tofu cooked in coconut milk with green curry paste and a sweet honey and ginger edge.,Thai,True,30
spicy-tofu-enchiladas,Spicy tofu enchiladas,"Tortillas rolled around crispy tofu, covered with a fiery chili sauce and cheese, then baked.",Mexican,True,40
smoky-tofu-enchiladas,Smoky tofu enchiladas,"Tortillas rolled around crispy tofu, covered with a smoky paprika sauce and cheese, then baked.",Mexican,True,45
creamy-tofu-enchiladas,Creamy tofu enchiladas,"Tortillas rolled around crispy tofu, covered with a rich, creamy sauce and cheese, then baked.",Mexican,True,45
honey-ginger-tofu-enchiladas,Honey ginger tofu enchiladas,"Tortillas rolled around crispy tofu, covered with a sweet honey and ginger sauce and cheese, then baked.",Mexican,True,55
spicy-tofu-flatbread,Spicy tofu flatbread,"Crisp flatbread topped with crispy tofu, yogurt and a fiery chili drizzle.",Middle Eastern,True,30
smoky-tofu-flatbread,Smoky tofu flatbread,"Crisp flatbread topped with crispy tofu, yogurt and a smoky paprika drizzle.",Middle Eastern,True,30
lemon-garlic-tofu-flatbread,Lemon garlic tofu flatbread,"Crisp flatbread topped with crispy tofu, yogurt and a bright lemon and garlic drizzle.",Middle Eastern,True,25
creamy-tofu-flatbread,Creamy tofu flatbread,"Crisp flatbread topped with crispy tofu, yogurt and a rich, creamy drizzle.",Middle Eastern,True,25
honey-ginger-tofu-flatbread,Honey ginger tofu flatbread,"Crisp flatbread topped with crispy tofu, yogurt and a sweet honey and ginger drizzle.",Middle Eastern,True,35
herby-tofu-flatbread,Herby tofu flatbread,"Crisp flatbread topped with crispy tofu, yogurt and a fresh herb drizzle.",Middle Eastern,True,20
spicy-chickpea-curry,Spicy chickpea curry,"Chickpeas simmered in a fiery chili curry sauce with onion, ginger and garam masala, served with rice.",Indian,True,40
smoky-chickpea-curry,Smoky chickpea curry,"Chickpeas simmered in a smoky paprika curry sauce with onion, ginger and garam masala, served with rice.",Indian,True,35
lemon-garlic-chickpea-curry,Lemon garlic chickpea curry,"Chickpeas simmered in a bright lemon and garlic curry sauce with onion, ginger and garam masala, served with rice.",Indian,True,40
creamy-chickpea-curry,Creamy chickpea curry,"Chickpeas simmered in a rich, creamy curry sauce with onion, ginger and garam masala, served with rice.",Indian,True,50
honey-ginger-chickpea-curry,Honey ginger chickpea curry,"Chickpeas simmered in a sweet honey and ginger curry sauce with onion, ginger and garam masala, served with rice.",Indian,True,40
herby-chickpea-curry,Herby chickpea curry,"Chickpeas simmered in a fresh herb curry sauce with onion, ginger and garam masala, served with rice.",Indian,True,30
spicy-chickpea-tacos,Spicy chickpea tacos,"Soft tortillas filled with fiery chili chickpeas, salsa, lime and shredded cabbage.",Mexican,True,25
lemon-garlic-chickpea-tacos,Lemon garlic chickpea tacos,"Soft tortillas filled with bright lemon and garlic chickpeas, salsa, lime and shredded cabbage.",Mexican,True,20
honey-ginger-chickpea-tacos,Honey ginger chickpea tacos,"Soft tortillas filled with sweet honey and ginger chickpeas, salsa, lime and shredded cabbage.",Mexican,True,30
herby-chickpea-tacos,Herby chickpea tacos,"Soft tortillas filled with fresh herb chickpeas, salsa, lime and shredded cabbage.",Mexican,True,30
smoky-chickpea-stir-fry,Smoky chickpea stir-fry,"Chickpeas tossed in a hot wok with vegetables and a smoky paprika sauce, served over noodles.",Chinese,True,25
lemon-garlic-chickpea-stir-fry,Lemon garlic chickpea stir-fry,"Chickpeas tossed in a hot wok with vegetables and a bright lemon and garlic sauce, served over noodles.",Chinese,True,15
honey-ginger-chickpea-stir-fry,Honey ginger chickpea stir-fry,"Chickpeas tossed in a hot wok with vegetables and a sweet honey and ginger sauce, served over noodles.",Chinese,True,15
herby-chickpea-stir-fry,Herby chickpea stir-fry,"Chickpeas tossed in a hot wok with vegetables and a fresh herb sauce, served over noodles.",Chinese,True,30
spicy-chickpea-risotto,Spicy chickpea risotto,"Creamy arborio rice stirred slowly with chickpeas, parmesan and a fiery chili finish.",Italian,True,50
smoky-chickpea-risotto,Smoky chickpea risotto,"Creamy arborio rice stirred slowly with chickpeas, parmesan and a smoky paprika finish.",Italian,True,50
lemon-garlic-chickpea-risotto,Lemon garlic chickpea risotto,"Creamy arborio rice stirred slowly with chickpeas, parmesan and a bright lemon and garlic finish.",Italian,True,45
creamy-chickpea-risotto,Creamy chickpea risotto,"Creamy arborio rice stirred slowly with chickpeas, parmesan and a rich, creamy finish.",Italian,True,55
honey-ginger-chickpea-risotto,Honey ginger chickpea risotto,"Creamy arborio rice stirred slowly with chickpeas, parmesan and a sweet honey and ginger finish.",Italian,True,35
herby-chickpea-risotto,Herby chickpea risotto,"Creamy arborio rice stirred slowly with chickpeas, parmesan and a fresh herb finish.",Italian,True,40
spicy-chickpea-salad,Spicy chickpea salad,"A fresh bowl of leaves, cucumber and chickpeas with a fiery chili dressing.",Mediterranean,True,20
smoky-chickpea-salad,Smoky chickpea salad,"A fresh bowl of leaves, cucumber and chickpeas with a smoky paprika dressing.",Mediterranean,True,5
lemon-garlic-chickpea-salad,Lemon garlic chickpea salad,"A fresh bowl of leaves, cucumber and chickpeas with a bright lemon and garlic dressing.",Mediterranean,True,10
honey-ginger-chickpea-salad,Honey ginger chickpea salad,"A fresh bowl of leaves, cucumber and chickpeas with a sweet honey and ginger dressing.",Mediterranean,True,5
smoky-chickpea-soup,Smoky chickpea soup,"A warming pot of chickpeas and root vegetables in a smoky paprika broth, served hot.",French,True,40
lemon-garlic-chickpea-soup,Lemon garlic chickpea soup,"A warming pot of chickpeas and root vegetables in a bright lemon and garlic broth, served hot.",French,True,45
creamy-chickpea-soup,Creamy chickpea soup,"A warming pot of chickpeas and root vegetables in a rich, creamy broth, served hot.",French,True,55
honey-ginger-chickpea-soup,Honey ginger chickpea soup,"A warming pot of chickpeas and root vegetables in a sweet honey and ginger broth, served hot.",French,True,55
herby-chickpea-soup,Herby chickpea soup,"A warming pot of chickpeas and root vegetables in a fresh herb broth, served hot.",French,True,50
spicy-chickpea-pasta,Spicy chickpea pasta,"Pasta tossed with chickpeas, garlic and a fiery chili sauce, topped with herbs.",Italian,True,30
smoky-chickpea-pasta,Smoky chickpea pasta,"Pasta tossed with chickpeas, garlic and a smoky paprika sauce, topped with herbs.",Italian,True,20
lemon-garlic-chickpea-pasta,Lemon garlic chickpea pasta,"Pasta tossed with chickpeas, garlic and a bright lemon and garlic sauce, topped with herbs.",Italian,True,15
creamy-chickpea-pasta,Creamy chickpea pasta,"Pasta tossed with chickpeas, garlic and a rich, creamy sauce, topped with herbs.",Italian,True,35
honey-ginger-chickpea-pasta,Honey ginger chickpea pasta,"Pasta tossed with chickpeas, garlic and a sweet honey and ginger sauce, topped with herbs.",Italian,True,35
herby-chickpea-pasta,Herby chickpea pasta,"Pasta tossed with chickpeas, garlic and a fresh herb sauce, topped with herbs.",Italian,True,30
spicy-chickpea-burger,Spicy chickpea burger,"A toasted bun with a fiery chili chickpeas patty, pickles and crunchy lettuce.",American,True,25
smoky-chickpea-burger,Smoky chickpea burger,"A toasted bun with a smoky paprika chickpeas patty, pickles and crunchy lettuce.",American,True,30
lemon-garlic-chickpea-burger,Lemon garlic chickpea burger,"A toasted bun with a bright lemon and garlic chickpeas patty, pickles and crunchy lettuce.",American,True,20
creamy-chickpea-burger,Creamy chickpea burger,"A toasted bun with a rich, creamy chickpeas patty, pickles and crunchy lettuce.",American,True,35
honey-ginger-chickpea-burger,Honey ginger chickpea burger,"A toasted bun with a sweet honey and ginger chickpeas patty, pickles and crunchy lettuce.",American,True,20
herby-chickpea-burger,Herby chickpea burger,"A toasted bun with a fresh herb chickpeas patty, pickles and crunchy lettuce.",American,True,35
spicy-chickpea-skewers,Spicy chickpea skewers,"Chickpeas threaded on skewers, grilled over high heat and brushed with a fiery chili glaze.",Greek,True,25
smoky-chickpea-skewers,Smoky chickpea skewers,"Chickpeas threaded on skewers, grilled over high heat and brushed with a smoky paprika glaze.",Greek,True,25
lemon-garlic-chickpea-skewers,Lemon garlic chickpea skewers,"Chickpeas threaded on skewers, grilled over high heat and brushed with a bright lemon and garlic glaze.",Greek,True,25
creamy-chickpea-skewers,Creamy chickpea skewers,"Chickpeas threaded on skewers, grilled over high heat and brushed with a rich, creamy glaze.",Greek,True,35
honey-ginger-chickpea-skewers,Honey ginger chickpea skewers,"Chickpeas threaded on skewers, grilled over high heat and brushed with a sweet honey and ginger glaze.",Greek,True,30
herby-chickpea-skewers,Herby chickpea skewers,"Chickpeas threaded on skewers, grilled over high heat and brushed with a fresh herb glaze.",Greek,True,25
spicy-chickpea-stew,Spicy chickpea stew,"Chickpeas braised slowly with carrots, potatoes and a fiery chili gravy until thick.",British,True,115
smoky-chickpea-stew,Smoky chickpea stew,"Chickpeas braised slowly with carrots, potatoes and a smoky paprika gravy until thick.",British,True,110
creamy-chickpea-stew,Creamy chickpea stew,"Chickpeas braised slowly with carrots, potatoes and a rich, creamy gravy until thick.",British,True,115
honey-ginger-chickpea-stew,Honey ginger chickpea stew,"Chickpeas braised slowly with carrots, potatoes and a sweet honey and ginger gravy until thick.",British,True,125
herby-chickpea-stew,Herby chickpea stew,"Chickpeas braised slowly with carrots, potatoes and a fresh herb gravy until thick.",British,True,130
spicy-chickpea-noodle-bowl,Spicy chickpea noodle bowl,"Noodles in a steaming broth with chickpeas, spring onions and a fiery chili kick.",Japanese,True,20
lemon-garlic-chickpea-noodle-bowl,Lemon garlic chickpea noodle bowl,"Noodles in a steaming broth with chickpeas, spring onions and a bright lemon and garlic kick.",Japanese,True,25
honey-ginger-chickpea-noodle-bowl,Honey ginger chickpea noodle bowl,"Noodles in a steaming broth with chickpeas, spring onions and a sweet honey and ginger kick.",Japanese,True,30
herby-chickpea-noodle-bowl,Herby chickpea noodle bowl,"Noodles in a steaming broth with chickpeas, spring onions and a fresh herb kick.",Japanese,True,20
spicy-chickpea-wrap,Spicy chickpea wrap,"Warm flatbread rolled around chickpeas, hummus, salad and a fiery chili sauce.",Middle Eastern,True,30
smoky-chickpea-wrap,Smoky chickpea wrap,"Warm flatbread rolled around chickpeas, hummus, salad and a smoky paprika sauce.",Middle Eastern,True,30
lemon-garlic-chickpea-wrap,Lemon garlic chickpea wrap,"Warm flatbread rolled around chickpeas, hummus, salad and a bright lemon and garlic sauce.",Middle Eastern,True,15
creamy-chickpea-wrap,Creamy chickpea wrap,"Warm flatbread rolled around chickpeas, hummus, salad and a rich, creamy sauce.",Middle Eastern,True,25
honey-ginger-chickpea-wrap,Honey ginger chickpea wrap,"Warm flatbread rolled around chickpeas, hummus, salad and a sweet honey and ginger sauce.",Middle Eastern,True,30
herby-chickpea-wrap,Herby chickpea wrap,"Warm flatbread rolled around chickpeas, hummus, salad and a fresh herb sauce.",Middle Eastern,True,25
smoky-chickpea-traybake,Smoky chickpea traybake,Chickpeas and vegetables roasted together on one tray with a smoky paprika seasoning.,British,True,50
lemon-garlic-chickpea-traybake,Lemon garlic chickpea traybake,Chickpeas and vegetables roasted together on one tray with a bright lemon and garlic seasoning.,British,True,60
creamy-chickpea-traybake,Creamy chickpea traybake,"Chickpeas and vegetables roasted together on one tray with a rich, creamy seasoning.",British,True,50
honey-ginger-chickpea-traybake,Honey ginger chickpea traybake,Chickpeas and vegetables roasted together on one tray with a sweet honey and ginger seasoning.,British,True,60
spicy-chickpea-fried-rice,Spicy chickpea fried rice,"Day-old rice fried with egg, peas and chickpeas in a fiery chili sauce.",Chinese,True,25
smoky-chickpea-fried-rice,Smoky chickpea fried rice,"Day-old rice fried with egg, peas and chickpeas in a smoky paprika sauce.",Chinese,True,30
creamy-chickpea-fried-rice,Creamy chickpea fried rice,"Day-old rice fried with egg, peas and chickpeas in a rich, creamy sauce.",Chinese,True,30
honey-ginger-chickpea-fried-rice,Honey ginger chickpea fried rice,"Day-old rice fried with egg, peas and chickpeas in a sweet honey and ginger sauce.",Chinese,True,30
herby-chickpea-fried-rice,Herby chickpea fried rice,"Day-old rice fried with egg, peas and chickpeas in a fresh herb sauce.",Chinese,True,20
smoky-chickpea-pie,Smoky chickpea pie,"Chickpeas in a smoky paprika filling under a golden, flaky pastry lid.",British,True,65
lemon-garlic-chickpea-pie,Lemon garlic chickpea pie,"Chickpeas in a bright lemon and garlic filling under a golden, flaky pastry lid.",British,True,65
creamy-chickpea-pie,Creamy chickpea pie,"Chickpeas in a rich, creamy filling under a golden, flaky pastry lid.",British,True,75
honey-ginger-chickpea-pie,Honey ginger chickpea pie,"Chickpeas in a sweet honey and ginger filling under a golden, flaky pastry lid.",British,True,75
smoky-chickpea-green-curry,Smoky chickpea green curry,Chickpeas cooked in coconut milk with green curry paste and a smoky paprika edge.,Thai,True,45
creamy-chickpea-green-curry,Creamy chickpea green curry,"Chickpeas cooked in coconut milk with green curry paste and a rich, creamy edge.",Thai,True,30
honey-ginger-chickpea-green-curry,Honey ginger chickpea green curry,Chickpeas cooked in coconut milk with green curry paste and a sweet honey and ginger edge.,Thai,True,40
herby-chickpea-green-curry,Herby chickpea green curry,Chickpeas cooked in coconut milk with green curry paste and a fresh herb edge.,Thai,True,40
lemon-garlic-chickpea-enchiladas,Lemon garlic chickpea enchiladas,"Tortillas rolled around chickpeas, covered with a bright lemon and garlic sauce and cheese, then baked.",Mexican,True,55
creamy-chickpea-enchiladas,Creamy chickpea enchiladas,"Tortillas rolled around chickpeas, covered with a rich, creamy sauce and cheese, then baked.",Mexican,True,60
honey-ginger-chickpea-enchiladas,Honey ginger chickpea enchiladas,"Tortillas rolled around chickpeas, covered with a sweet honey and ginger sauce and cheese, then baked.",Mexican,True,50
herby-chickpea-enchiladas,Herby chickpea enchiladas,"Tortillas rolled around chickpeas, covered with a fresh herb sauce and cheese, then baked.",Mexican,True,50
lemon-garlic-chickpea-flatbread,Lemon garlic chickpea flatbread,"Crisp flatbread topped with chickpeas, yogurt and a bright lemon and garlic drizzle.",Middle Eastern,True,35
creamy-chickpea-flatbread,Creamy chickpea flatbread,"Crisp flatbread topped with chickpeas, yogurt and a rich, creamy drizzle.",Middle Eastern,True,25
herby-chickpea-flatbread,Herby chickpea flatbread,"Crisp flatbread topped with chickpeas, yogurt and a fresh herb drizzle.",Middle Eastern,True,20
spicy-mushroom-curry,Spicy mushroom curry,"Mushrooms simmered in a fiery chili curry sauce with onion, ginger and garam masala, served with rice.",Indian,True,30
smoky-mushroom-curry,Smoky mushroom curry,"Mushrooms simmered in a smoky paprika curry sauce with onion, ginger and garam masala, served with rice.",Indian,True,45
lemon-garlic-mushroom-curry,Lemon garlic mushroom curry,"Mushrooms simmered in a bright lemon and garlic curry sauce with onion, ginger and garam masala, served with rice.",Indian,True,30
creamy-mushroom-curry,Creamy mushroom curry,"Mushrooms simmered in a rich, creamy curry sauce with onion, ginger and garam masala, served with rice.",Indian,True,45
honey-ginger-mushroom-curry,Honey ginger mushroom curry,"Mushrooms simmered in a sweet honey and ginger curry sauce with onion, ginger and garam masala, served with rice.",Indian,True,45
herby-mushroom-curry,Herby mushroom curry,"Mushrooms simmered in a fresh herb curry sauce with onion, ginger and garam masala, served with rice.",Indian,True,40
spicy-mushroom-tacos,Spicy mushroom tacos,"Soft tortillas filled with fiery chili mushrooms, salsa, lime and shredded cabbage.",Mexican,True,15
smoky-mushroom-tacos,Smoky mushroom tacos,"Soft tortillas filled with smoky paprika mushrooms, salsa, lime and shredded cabbage.",Mexican,True,25
lemon-garlic-mushroom-tacos,Lemon garlic mushroom tacos,"Soft tortillas filled with bright lemon and garlic mushrooms, salsa, lime and shredded cabbage.",Mexican,True,20
creamy-mushroom-tacos,Creamy mushroom tacos,"Soft tortillas filled with rich, creamy mushrooms, salsa, lime and shredded cabbage.",Mexican,True,30
honey-ginger-mushroom-tacos,Honey ginger mushroom tacos,"Soft tortillas filled with sweet honey and ginger mushrooms, salsa, lime and shredded cabbage.",Mexican,True,20
smoky-mushroom-stir-fry,Smoky mushroom stir-fry,"Mushrooms tossed in a hot wok with vegetables and a smoky paprika sauce, served over noodles.",Chinese,True,20
lemon-garlic-mushroom-stir-fry,Lemon garlic mushroom stir-fry,"Mushrooms tossed in a hot wok with vegetables and a bright lemon and garlic sauce, served over noodles.",Chinese,True,20
honey-ginger-mushroom-stir-fry,Honey ginger mushroom stir-fry,"Mushrooms tossed in a hot wok with vegetables and a sweet honey and ginger sauce, served over noodles.",Chinese,True,10
herby-mushroom-stir-fry,Herby mushroom stir-fry,"Mushrooms tossed in a hot wok with vegetables and a fresh herb sauce, served over noodles.",Chinese,True,15
smoky-mushroom-risotto,Smoky mushroom risotto,"Creamy arborio rice stirred slowly with mushrooms, parmesan and a smoky paprika finish.",Italian,True,40
lemon-garlic-mushroom-risotto,Lemon garlic mushroom risotto,"Creamy arborio rice stirred slowly with mushrooms, parmesan and a bright lemon and garlic finish.",Italian,True,40
creamy-mushroom-risotto,Creamy mushroom risotto,"Creamy arborio rice stirred slowly with mushrooms, parmesan and a rich, creamy finish.",Italian,True,35
honey-ginger-mushroom-risotto,Honey ginger mushroom risotto,"Creamy arborio rice stirred slowly with mushrooms, parmesan and a sweet honey and ginger finish.",Italian,True,40
herby-mushroom-risotto,Herby mushroom risotto,"Creamy arborio rice stirred slowly with mushrooms, parmesan and a fresh herb finish.",Italian,True,40
smoky-mushroom-salad,Smoky mushroom salad,"A fresh bowl of leaves, cucumber and mushrooms with a smoky paprika dressing.",Mediterranean,True,5
lemon-garlic-mushroom-salad,Lemon garlic mushroom salad,"A fresh bowl of leaves, cucumber and mushrooms with a bright lemon and garlic dressing.",Mediterranean,True,10
creamy-mushroom-salad,Creamy mushroom salad,"A fresh bowl of leaves, cucumber and mushrooms with a rich, creamy dressing.",Mediterranean,True,10
honey-ginger-mushroom-salad,Honey ginger mushroom salad,"A fresh bowl of leaves, cucumber and mushrooms with a sweet honey and ginger dressing.",Mediterranean,True,25
herby-mushroom-salad,Herby mushroom salad,"A fresh bowl of leaves, cucumber and mushrooms with a fresh herb dressing.",Mediterranean,True,15
spicy-mushroom-soup,Spicy mushroom soup,"A warming pot of mushrooms and root vegetables in a fiery chili broth, served hot.",French,True,40
smoky-mushroom-soup,Smoky mushroom soup,"A warming pot of mushrooms and root vegetables in a smoky paprika broth, served hot.",French,True,60
lemon-garlic-mushroom-soup,Lemon garlic mushroom soup,"A warming pot of mushrooms and root vegetables in a bright lemon and garlic broth, served hot.",French,True,55
creamy-mushroom-soup,Creamy mushroom soup,"A warming pot of mushrooms and root vegetables in a rich, creamy broth, served hot.",French,True,40
honey-ginger-mushroom-soup,Honey ginger mushroom soup,"A warming pot of mushrooms and root vegetables in a sweet honey and ginger broth, served hot.",French,True,55
herby-mushroom-soup,Herby mushroom soup,"A warming pot of mushrooms and root vegetables in a fresh herb broth, served hot.",French,True,60
spicy-mushroom-pasta,Spicy mushroom pasta,"Pasta tossed with mushrooms, garlic and a fiery chili sauce, topped with herbs.",Italian,True,25
lemon-garlic-mushroom-pasta,Lemon garlic mushroom pasta,"Pasta tossed with mushrooms, garlic and a bright lemon and garlic sauce, topped with herbs.",Italian,True,30
creamy-mushroom-pasta,Creamy mushroom pasta,"Pasta tossed with mushrooms, garlic and a rich, creamy sauce, topped with herbs.",Italian,True,25
honey-ginger-mushroom-pasta,Honey ginger mushroom pasta,"Pasta tossed with mushrooms, garlic and a sweet honey and ginger sauce, topped with herbs.",Italian,True,15
herby-mushroom-pasta,Herby mushroom pasta,"Pasta tossed with mushrooms, garlic and a fresh herb sauce, topped with herbs.",Italian,True,35
smoky-mushroom-burger,Smoky mushroom burger,"A toasted bun with a smoky paprika mushrooms patty, pickles and crunchy lettuce.",American,True,30
lemon-garlic-mushroom-burger,Lemon garlic mushroom burger,"A toasted bun with a bright lemon and garlic mushrooms patty, pickles and crunchy lettuce.",American,True,30
creamy-mushroom-burger,Creamy mushroom burger,"A toasted bun with a rich, creamy mushrooms patty, pickles and crunchy lettuce.",American,True,40
honey-ginger-mushroom-burger,Honey ginger mushroom burger,"A toasted bun with a sweet honey and ginger mushrooms patty, pickles and crunchy lettuce.",American,True,35
herby-mushroom-burger,Herby mushroom burger,"A toasted bun with a fresh herb mushrooms patty, pickles and crunchy lettuce.",American,True,20
spicy-mushroom-skewers,Spicy mushroom skewers,"Mushrooms threaded on skewers, grilled over high heat and brushed with a fiery chili glaze.",Greek,True,35
smoky-mushroom-skewers,Smoky mushroom skewers,"Mushrooms threaded on skewers, grilled over high heat and brushed with a smoky paprika glaze.",Greek,True,30
lemon-garlic-mushroom-skewers,Lemon garlic mushroom skewers,"Mushrooms threaded on skewers, grilled over high heat and brushed with a bright lemon and garlic glaze.",Greek,True,45
creamy-mushroom-skewers,Creamy mushroom skewers,"Mushrooms threaded on skewers, grilled over high heat and brushed with a rich, creamy glaze.",Greek,True,25
honey-ginger-mushroom-skewers,Honey ginger mushroom skewers,"Mushrooms threaded on skewers, grilled over high heat and brushed with a sweet honey and ginger glaze.",Greek,True,40
herby-mushroom-skewers,Herby mushroom skewers,"Mushrooms threaded on skewers, grilled over high heat and brushed with a fresh herb glaze.",Greek,True,45
spicy-mushroom-stew,Spicy mushroom stew,"Mushrooms braised slowly with carrots, potatoes and a fiery chili gravy until thick.",British,True,120
smoky-mushroom-stew,Smoky mushroom stew,"Mushrooms braised slowly with carrots, potatoes and a smoky paprika gravy until thick.",British,True,125
lemon-garlic-mushroom-stew,Lemon garlic mushroom stew,"Mushrooms braised slowly with carrots, potatoes and a bright lemon and garlic gravy until thick.",British,True,110
honey-ginger-mushroom-stew,Honey ginger mushroom stew,"Mushrooms braised slowly with carrots, potatoes and a sweet honey and ginger gravy until thick.",British,True,130
herby-mushroom-stew,Herby mushroom stew,"Mushrooms braised slowly with carrots, potatoes and a fresh herb gravy until thick.",British,True,120
spicy-mushroom-noodle-bowl,Spicy mushroom noodle bowl,"Noodles in a steaming broth with mushrooms, spring onions and a fiery chili kick.",Japanese,True,20
smoky-mushroom-noodle-bowl,Smoky mushroom noodle bowl,"Noodles in a steaming broth with mushrooms, spring onions and a smoky paprika kick.",Japanese,True,30
lemon-garlic-mushroom-noodle-bowl,Lemon garlic mushroom noodle bowl,"Noodles in a steaming broth with mushrooms, spring onions and a bright lemon and garlic kick.",Japanese,True,30
creamy-mushroom-noodle-bowl,Creamy mushroom noodle bowl,"Noodles in a steaming broth with mushrooms, spring onions and a rich, creamy kick.",Japanese,True,40
honey-ginger-mushroom-noodle-bowl,Honey ginger mushroom noodle bowl,"Noodles in a steaming broth with mushrooms, spring onions and a sweet honey and ginger kick.",Japanese,True,30
herby-mushroom-noodle-bowl,Herby mushroom noodle bowl,"Noodles in a steaming broth with mushrooms, spring onions and a fresh herb kick.",Japanese,True,30
spicy-mushroom-wrap,Spicy mushroom wrap,"Warm flatbread rolled around mushrooms, hummus, salad and a fiery chili sauce.",Middle Eastern,True,30
smoky-mushroom-wrap,Smoky mushroom wrap,"Warm flatbread rolled around mushrooms, hummus, salad and a smoky paprika sauce.",Middle Eastern,True,15
lemon-garlic-mushroom-wrap,Lemon garlic mushroom wrap,"Warm flatbread rolled around mushrooms, hummus, salad and a bright lemon and garlic sauce.",Middle Eastern,True,25
creamy-mushroom-wrap,Creamy mushroom wrap,"Warm flatbread rolled around mushrooms, hummus, salad and a rich, creamy sauce.",Middle Eastern,True,20
honey-ginger-mushroom-wrap,Honey ginger mushroom wrap,"Warm flatbread rolled around mushrooms, hummus, salad and a sweet honey and ginger sauce.",Middle Eastern,True,25
herby-mushroom-wrap,Herby mushroom wrap,"Warm flatbread rolled around mushrooms, hummus, salad and a fresh herb sauce.",Middle Eastern,True,10
spicy-mushroom-traybake,Spicy mushroom traybake,Mushrooms and vegetables roasted together on one tray with a fiery chili seasoning.,British,True,65
smoky-mushroom-traybake,Smoky mushroom traybake,Mushrooms and vegetables roasted together on one tray with a smoky paprika seasoning.,British,True,55
lemon-garlic-mushroom-traybake,Lemon garlic mushroom traybake,Mushrooms and vegetables roasted together on one tray with a bright lemon and garlic seasoning.,British,True,60
creamy-mushroom-traybake,Creamy mushroom traybake,"Mushrooms and vegetables roasted together on one tray with a rich, creamy seasoning.",British,True,60
honey-ginger-mushroom-traybake,Honey ginger mushroom traybake,Mushrooms and vegetables roasted together on one tray with a sweet honey and ginger seasoning.,British,True,55
herby-mushroom-traybake,Herby mushroom traybake,Mushrooms and vegetables roasted together on one tray with a fresh herb seasoning.,British,True,45
smoky-mushroom-fried-rice,Smoky mushroom fried rice,"Day-old rice fried with egg, peas and mushrooms in a smoky paprika sauce.",Chinese,True,20
lemon-garlic-mushroom-fried-rice,Lemon garlic mushroom fried rice,"Day-old rice fried with egg, peas and mushrooms in a bright lemon and garlic sauce.",Chinese,True,20
creamy-mushroom-fried-rice,Creamy mushroom fried rice,"Day-old rice fried with egg, peas and mushrooms in a rich, creamy sauce.",Chinese,True,10
honey-ginger-mushroom-fried-rice,Honey ginger mushroom fried rice,"Day-old rice fried with egg, peas and mushrooms in a sweet honey and ginger sauce.",Chinese,True,10
herby-mushroom-fried-rice,Herby mushroom fried rice,"Day-old rice fried with egg, peas and mushrooms in a fresh herb sauce.",Chinese,True,10
spicy-mushroom-pie,Spicy mushroom pie,"Mushrooms in a fiery chili filling under a golden, flaky pastry lid.",British,True,75
smoky-mushroom-pie,Smoky mushroom pie,"Mushrooms in a smoky paprika filling under a golden, flaky pastry lid.",British,True,70
lemon-garlic-mushroom-pie,Lemon garlic mushroom pie,"Mushrooms in a bright lemon and garlic filling under a golden, flaky pastry lid.",British,True,85
honey-ginger-mushroom-pie,Honey ginger mushroom pie,"Mushrooms in a sweet honey and ginger filling under a golden, flaky pastry lid.",British,True,80
smoky-mushroom-green-curry,Smoky mushroom green curry,Mushrooms cooked in coconut milk with green curry paste and a smoky paprika edge.,Thai,True,45
lemon-garlic-mushroom-green-curry,Lemon garlic mushroom green curry,Mushrooms cooked in coconut milk with green curry paste and a bright lemon and garlic edge.,Thai,True,35
honey-ginger-mushroom-green-curry,Honey ginger mushroom green curry,Mushrooms cooked in coconut milk with green curry paste and a sweet honey and ginger edge.,Thai,True,35
herby-mushroom-green-curry,Herby mushroom green curry,Mushrooms cooked in coconut milk with green curry paste and a fresh herb edge.,Thai,True,45
spicy-mushroom-enchiladas,Spicy mushroom enchiladas,"Tortillas rolled around mushrooms, covered with a fiery chili sauce and cheese, then baked.",Mexican,True,45
smoky-mushroom-enchiladas,Smoky mushroom enchiladas,"Tortillas rolled around mushrooms, covered with a smoky paprika sauce and cheese, then baked.",Mexican,True,50
lemon-garlic-mushroom-enchiladas,Lemon garlic mushroom enchiladas,"Tortillas rolled around mushrooms, covered with a bright lemon and garlic sauce and cheese, then baked.",Mexican,True,50
creamy-mushroom-enchiladas,Creamy mushroom enchiladas,"Tortillas rolled around mushrooms, covered with a rich, creamy sauce and cheese, then baked.",Mexican,True,55
honey-ginger-mushroom-enchiladas,Honey ginger mushroom enchiladas,"Tortillas rolled around mushrooms, covered with a sweet honey and ginger sauce and cheese, then baked.",Mexican,True,50
herby-mushroom-enchiladas,Herby mushroom enchiladas,"Tortillas rolled around mushrooms, covered with a fresh herb sauce and cheese, then baked.",Mexican,True,40
spicy-mushroom-flatbread,Spicy mushroom flatbread,"Crisp flatbread topped with mushrooms, yogurt and a fiery chili drizzle.",Middle Eastern,True,15
smoky-mushroom-flatbread,Smoky mushroom flatbread,"Crisp flatbread topped with mushrooms, yogurt and a smoky paprika drizzle.",Middle Eastern,True,30
lemon-garlic-mushroom-flatbread,Lemon garlic mushroom flatbread,"Crisp flatbread topped with mushrooms, yogurt and a bright lemon and garlic drizzle.",Middle Eastern,True,30
creamy-mushroom-flatbread,Creamy mushroom flatbread,"Crisp flatbread topped with mushrooms, yogurt and a rich, creamy drizzle.",Middle Eastern,True,30
honey-ginger-mushroom-flatbread,Honey ginger mushroom flatbread,"Crisp flatbread topped with mushrooms, yogurt and a sweet honey and ginger drizzle.",Middle Eastern,True,15
herby-mushroom-flatbread,Herby mushroom flatbread,"Crisp flatbread topped with mushrooms, yogurt and a fresh herb drizzle.",Middle Eastern,True,20
spicy-lentil-curry,Spicy lentil curry,"Lentils simmered in a fiery chili curry sauce with onion, ginger and garam masala, served with rice.",Indian,True,40
smoky-lentil-curry,Smoky lentil curry,"Lentils simmered in a smoky paprika curry sauce with onion, ginger and garam masala, served with rice.",Indian,True,40
lemon-garlic-lentil-curry,Lemon garlic lentil curry,"Lentils simmered in a bright lemon and garlic curry sauce with onion, ginger and garam masala, served with rice.",Indian,True,50
honey-ginger-lentil-curry,Honey ginger lentil curry,"Lentils simmered in a sweet honey and ginger curry sauce with onion, ginger and garam masala, served with rice.",Indian,True,35
herby-lentil-curry,Herby lentil curry,"Lentils simmered in a fresh herb curry sauce with onion, ginger and garam masala, served with rice.",Indian,True,45
spicy-lentil-tacos,Spicy lentil tacos,"Soft tortillas filled with fiery chili lentils, salsa, lime and shredded cabbage.",Mexican,True,20
smoky-lentil-tacos,Smoky lentil tacos,"Soft tortillas filled with smoky paprika lentils, salsa, lime and shredded cabbage.",Mexican,True,35
lemon-garlic-lentil-tacos,Lemon garlic lentil tacos,"Soft tortillas filled with bright lemon and garlic lentils, salsa, lime and shredded cabbage.",Mexican,True,30
creamy-lentil-tacos,Creamy lentil tacos,"Soft tortillas filled with rich, creamy lentils, salsa, lime and shredded cabbage.",Mexican,True,20
honey-ginger-lentil-tacos,Honey ginger lentil tacos,"Soft tortillas filled with sweet honey and ginger lentils, salsa, lime and shredded cabbage.",Mexican,True,35
herby-lentil-tacos,Herby lentil tacos,"Soft tortillas filled with fresh herb lentils, salsa, lime and shredded cabbage.",Mexican,True,35
smoky-lentil-stir-fry,Smoky lentil stir-fry,"Lentils tossed in a hot wok with vegetables and a smoky paprika sauce, served over noodles.",Chinese,True,10
lemon-garlic-lentil-stir-fry,Lemon garlic lentil stir-fry,"Lentils tossed in a hot wok with vegetables and a bright lemon and garlic sauce, served over noodles.",Chinese,True,15
creamy-lentil-stir-fry,Creamy lentil stir-fry,"Lentils tossed in a hot wok with vegetables and a rich, creamy sauce, served over noodles.",Chinese,True,15
honey-ginger-lentil-stir-fry,Honey ginger lentil stir-fry,"Lentils tossed in a hot wok with vegetables and a sweet honey and ginger sauce, served over noodles.",Chinese,True,15
herby-lentil-stir-fry,Herby lentil stir-fry,"Lentils tossed in a hot wok with vegetables and a fresh herb sauce, served over noodles.",Chinese,True,20
spicy-lentil-risotto,Spicy lentil risotto,"Creamy arborio rice stirred slowly with lentils, parmesan and a fiery chili finish.",Italian,True,35
smoky-lentil-risotto,Smoky lentil risotto,"Creamy arborio rice stirred slowly with lentils, parmesan and a smoky paprika finish.",Italian,True,40
lemon-garlic-lentil-risotto,Lemon garlic lentil risotto,"Creamy arborio rice stirred slowly with lentils, parmesan and a bright lemon and garlic finish.",Italian,True,45
creamy-lentil-risotto,Creamy lentil risotto,"Creamy arborio rice stirred slowly with lentils, parmesan and a rich, creamy finish.",Italian,True,40
honey-ginger-lentil-risotto,Honey ginger lentil risotto,"Creamy arborio rice stirred slowly with lentils, parmesan and a sweet honey and ginger finish.",Italian,True,40
herby-lentil-risotto,Herby lentil risotto,"Creamy arborio rice stirred slowly with lentils, parmesan and a fresh herb finish.",Italian,True,50
smoky-lentil-salad,Smoky lentil salad,"A fresh bowl of leaves, cucumber and lentils with a smoky paprika dressing.",Mediterranean,True,5
lemon-garlic-lentil-salad,Lemon garlic lentil salad,"A fresh bowl of leaves, cucumber and lentils with a bright lemon and garlic dressing.",Mediterranean,True,25
creamy-lentil-salad,Creamy lentil salad,"A fresh bowl of leaves, cucumber and lentils with a rich, creamy dressing.",Mediterranean,True,25
honey-ginger-lentil-salad,Honey ginger lentil salad,"A fresh bowl of leaves, cucumber and lentils with a sweet honey and ginger dressing.",Mediterranean,True,5
spicy-lentil-soup,Spicy lentil soup,"A warming pot of lentils and root vegetables in a fiery chili broth, served hot.",French,True,40
smoky-lentil-soup,Smoky lentil soup,"A warming pot of lentils and root vegetables in a smoky paprika broth, served hot.",French,True,55
lemon-garlic-lentil-soup,Lemon garlic lentil soup,"A warming pot of lentils and root vegetables in a bright lemon and garlic broth, served hot.",French,True,50
creamy-lentil-soup,Creamy lentil soup,"A warming pot of lentils and root vegetables in a rich, creamy broth, served hot.",French,True,60
herby-lentil-soup,Herby lentil soup,"A warming pot of lentils and root vegetables in a fresh herb broth, served hot.",French,True,50
spicy-lentil-pasta,Spicy lentil pasta,"Pasta tossed with lentils, garlic and a fiery chili sauce, topped with herbs.",Italian,True,30
smoky-lentil-pasta,Smoky lentil pasta,"Pasta tossed with lentils, garlic and a smoky paprika sauce, topped with herbs.",Italian,True,25
lemon-garlic-lentil-pasta,Lemon garlic lentil pasta,"Pasta tossed with lentils, garlic and a bright lemon and garlic sauce, topped with herbs.",Italian,True,30
creamy-lentil-pasta,Creamy lentil pasta,"Pasta tossed with lentils, garlic and a rich, creamy sauce, topped with herbs.",Italian,True,20
honey-ginger-lentil-pasta,Honey ginger lentil pasta,"Pasta tossed with lentils, garlic and a sweet honey and ginger sauce, topped with herbs.",Italian,True,25
herby-lentil-pasta,Herby lentil pasta,"Pasta tossed with lentils, garlic and a fresh herb sauce, topped with herbs.",Italian,True,35
spicy-lentil-burger,Spicy lentil burger,"A toasted bun with a fiery chili lentils patty, pickles and crunchy lettuce.",American,True,30
smoky-lentil-burger,Smoky lentil burger,"A toasted bun with a smoky paprika lentils patty, pickles and crunchy lettuce.",American,True,35
lemon-garlic-lentil-burger,Lemon garlic lentil burger,"A toasted bun with a bright lemon and garlic lentils patty, pickles and crunchy lettuce.",American,True,35
creamy-lentil-burger,Creamy lentil burger,"A toasted bun with a rich, creamy lentils patty, pickles and crunchy lettuce.",American,True,30
honey-ginger-lentil-burger,Honey ginger lentil burger,"A toasted bun with a sweet honey and ginger lentils patty, pickles and crunchy lettuce.",American,True,20
herby-lentil-burger,Herby lentil burger,"A toasted bun with a fresh herb lentils patty, pickles and crunchy lettuce.",American,True,40
spicy-lentil-skewers,Spicy lentil skewers,"Lentils threaded on skewers, grilled over high heat and brushed with a fiery chili glaze.",Greek,True,35
smoky-lentil-skewers,Smoky lentil skewers,"Lentils threaded on skewers, grilled over high heat and brushed with a smoky paprika glaze.",Greek,True,25
lemon-garlic-lentil-skewers,Lemon garlic lentil skewers,"Lentils threaded on skewers, grilled over high heat and brushed with a bright lemon and garlic glaze.",Greek,True,35
creamy-lentil-skewers,Creamy lentil skewers,"Lentils threaded on skewers, grilled over high heat and brushed with a rich, creamy glaze.",Greek,True,30
honey-ginger-lentil-skewers,Honey ginger lentil skewers,"Lentils threaded on skewers, grilled over high heat and brushed with a sweet honey and ginger glaze.",Greek,True,35
spicy-lentil-stew,Spicy lentil stew,"Lentils braised slowly with carrots, potatoes and a fiery chili gravy until thick.",British,True,110
smoky-lentil-stew,Smoky lentil stew,"Lentils braised slowly with carrots, potatoes and a smoky paprika gravy until thick.",British,True,115
lemon-garlic-lentil-stew,Lemon garlic lentil stew,"Lentils braised slowly with carrots, potatoes and a bright lemon and garlic gravy until thick.",British,True,115
creamy-lentil-stew,Creamy lentil stew,"Lentils braised slowly with carrots, potatoes and a rich, creamy gravy until thick.",British,True,120
smoky-lentil-noodle-bowl,Smoky lentil noodle bowl,"Noodles in a steaming broth with lentils, spring onions and a smoky paprika kick.",Japanese,True,25
lemon-garlic-lentil-noodle-bowl,Lemon garlic lentil noodle bowl,"Noodles in a steaming broth with lentils, spring onions and a bright lemon and garlic kick.",Japanese,True,25
creamy-lentil-noodle-bowl,Creamy lentil noodle bowl,"Noodles in a steaming broth with lentils, spring onions and a rich, creamy kick.",Japanese,True,30
honey-ginger-lentil-noodle-bowl,Honey ginger lentil noodle bowl,"Noodles in a steaming broth with lentils, spring onions and a sweet honey and ginger kick.",Japanese,True,40
spicy-lentil-wrap,Spicy lentil wrap,"Warm flatbread rolled around lentils, hummus, salad and a fiery chili sauce.",Middle Eastern,True,20
smoky-lentil-wrap,Smoky lentil wrap,"Warm flatbread rolled around lentils, hummus, salad and a smoky paprika sauce.",Middle Eastern,True,30
lemon-garlic-lentil-wrap,Lemon garlic lentil wrap,"Warm flatbread rolled around lentils, hummus, salad and a bright lemon and garlic sauce.",Middle Eastern,True,10
creamy-lentil-wrap,Creamy lentil wrap,"Warm flatbread rolled around lentils, hummus, salad and a rich, creamy sauce.",Middle Eastern,True,10
honey-ginger-lentil-wrap,Honey ginger lentil wrap,"Warm flatbread rolled around lentils, hummus, salad and a sweet honey and ginger sauce.",Middle Eastern,True,25
herby-lentil-wrap,Herby lentil wrap,"Warm flatbread rolled around lentils, hummus, salad and a fresh herb sauce.",Middle Eastern,True,10
spicy-lentil-traybake,Spicy lentil traybake,Lentils and vegetables roasted together on one tray with a fiery chili seasoning.,British,True,65
smoky-lentil-traybake,Smoky lentil traybake,Lentils and vegetables roasted together on one tray with a smoky paprika seasoning.,British,True,45
creamy-lentil-traybake,Creamy lentil traybake,"Lentils and vegetables roasted together on one tray with a rich, creamy seasoning.",British,True,50
honey-ginger-lentil-traybake,Honey ginger lentil traybake,Lentils and vegetables roasted together on one tray with a sweet honey and ginger seasoning.,British,True,50
herby-lentil-traybake,Herby lentil traybake,Lentils and vegetables roasted together on one tray with a fresh herb seasoning.,British,True,50
spicy-lentil-fried-rice,Spicy lentil fried rice,"Day-old rice fried with egg, peas and lentils in a fiery chili sauce.",Chinese,True,30
smoky-lentil-fried-rice,Smoky lentil fried rice,"Day-old rice fried with egg, peas and lentils in a smoky paprika sauce.",Chinese,True,20
lemon-garlic-lentil-fried-rice,Lemon garlic lentil fried rice,"Day-old rice fried with egg, peas and lentils in a bright lemon and garlic sauce.",Chinese,True,30
creamy-lentil-fried-rice,Creamy lentil fried rice,"Day-old rice fried with egg, peas and lentils in a rich, creamy sauce.",Chinese,True,15
honey-ginger-lentil-fried-rice,Honey ginger lentil fried rice,"Day-old rice fried with egg, peas and lentils in a sweet honey and ginger sauce.",Chinese,True,20
herby-lentil-fried-rice,Herby lentil fried rice,"Day-old rice fried with egg, peas and lentils in a fresh herb sauce.",Chinese,True,25
spicy-lentil-pie,Spicy lentil pie,"Lentils in a fiery chili filling under a golden, flaky pastry lid.",British,True,75
smoky-lentil-pie,Smoky lentil pie,"Lentils in a smoky paprika filling under a golden, flaky pastry lid.",British,True,75
lemon-garlic-lentil-pie,Lemon garlic lentil pie,"Lentils in a bright lemon and garlic filling under a golden, flaky pastry lid.",British,True,85
honey-ginger-lentil-pie,Honey ginger lentil pie,"Lentils in a sweet honey and ginger filling under a golden, flaky pastry lid.",British,True,65
herby-lentil-pie,Herby lentil pie,"Lentils in a fresh herb filling under a golden, flaky pastry lid.",British,True,85
spicy-lentil-green-curry,Spicy lentil green curry,Lentils cooked in coconut milk with green curry paste and a fiery chili edge.,Thai,True,40
lemon-garlic-lentil-green-curry,Lemon garlic lentil green curry,Lentils cooked in coconut milk with green curry paste and a bright lemon and garlic edge.,Thai,True,30
creamy-lentil-green-curry,Creamy lentil green curry,"Lentils cooked in coconut milk with green curry paste and a rich, creamy edge.",Thai,True,35
honey-ginger-lentil-green-curry,Honey ginger lentil green curry,Lentils cooked in coconut milk with green curry paste and a sweet honey and ginger edge.,Thai,True,40
spicy-lentil-enchiladas,Spicy lentil enchiladas,"Tortillas rolled around lentils, covered with a fiery chili sauce and cheese, then baked.",Mexican,True,40
smoky-lentil-enchiladas,Smoky lentil enchiladas,"Tortillas rolled around lentils, covered with a smoky paprika sauce and cheese, then baked.",Mexican,True,40
lemon-garlic-lentil-enchiladas,Lemon garlic lentil enchiladas,"Tortillas rolled around lentils, covered with a bright lemon and garlic sauce and cheese, then baked.",Mexican,True,50
creamy-lentil-enchiladas,Creamy lentil enchiladas,"Tortillas rolled around lentils, covered with a rich, creamy sauce and cheese, then baked.",Mexican,True,40
honey-ginger-lentil-enchiladas,Honey ginger lentil enchiladas,"Tortillas rolled around lentils, covered with a sweet honey and ginger sauce and cheese, then baked.",Mexican,True,55
herby-lentil-enchiladas,Herby lentil enchiladas,"Tortillas rolled around lentils, covered with a fresh herb sauce and cheese, then baked.",Mexican,True,60
spicy-lentil-flatbread,Spicy lentil flatbread,"Crisp flatbread topped with lentils, yogurt and a fiery chili drizzle.",Middle Eastern,True,15
smoky-lentil-flatbread,Smoky lentil flatbread,"Crisp flatbread topped with lentils, yogurt and a smoky paprika drizzle.",Middle Eastern,True,30
creamy-lentil-flatbread,Creamy lentil flatbread,"Crisp flatbread topped with lentils, yogurt and a rich, creamy drizzle.",Middle Eastern,True,20
honey-ginger-lentil-flatbread,Honey ginger lentil flatbread,"Crisp flatbread topped with lentils, yogurt and a sweet honey and ginger drizzle.",Middle Eastern,True,30
herby-lentil-flatbread,Herby lentil flatbread,"Crisp flatbread topped with lentils, yogurt and a fresh herb drizzle.",Middle Eastern,True,15
spicy-halloumi-curry,Spicy halloumi curry,"Grilled halloumi simmered in a fiery chili curry sauce with onion, ginger and garam masala, served with rice.",Indian,True,50
smoky-halloumi-curry,Smoky halloumi curry,"Grilled halloumi simmered in a smoky paprika curry sauce with onion, ginger and garam masala, served with rice.",Indian,True,40
creamy-halloumi-curry,Creamy halloumi curry,"Grilled halloumi simmered in a rich, creamy curry sauce with onion, ginger and garam masala, served with rice.",Indian,True,45
honey-ginger-halloumi-curry,Honey ginger halloumi curry,"Grilled halloumi simmered in a sweet honey and ginger curry sauce with onion, ginger and garam masala, served with rice.",Indian,True,45
herby-halloumi-curry,Herby halloumi curry,"Grilled halloumi simmered in a fresh herb curry sauce with onion, ginger and garam masala, served with rice.",Indian,True,30
smoky-halloumi-tacos,Smoky halloumi tacos,"Soft tortillas filled with smoky paprika grilled halloumi, salsa, lime and shredded cabbage.",Mexican,True,20
lemon-garlic-halloumi-tacos,Lemon garlic halloumi tacos,"Soft tortillas filled with bright lemon and garlic grilled halloumi, salsa, lime and shredded cabbage.",Mexican,True,20
creamy-halloumi-tacos,Creamy halloumi tacos,"Soft tortillas filled with rich, creamy grilled halloumi, salsa, lime and shredded cabbage.",Mexican,True,35
herby-halloumi-tacos,Herby halloumi tacos,"Soft tortillas filled with fresh herb grilled halloumi, salsa, lime and shredded cabbage.",Mexican,True,30
spicy-halloumi-stir-fry,Spicy halloumi stir-fry,"Grilled halloumi tossed in a hot wok with vegetables and a fiery chili sauce, served over noodles.",Chinese,True,25
smoky-halloumi-stir-fry,Smoky halloumi stir-fry,"Grilled halloumi tossed in a hot wok with vegetables and a smoky paprika sauce, served over noodles.",Chinese,True,20
lemon-garlic-halloumi-stir-fry,Lemon garlic halloumi stir-fry,"Grilled halloumi tossed in a hot wok with vegetables and a bright lemon and garlic sauce, served over noodles.",Chinese,True,10
creamy-halloumi-stir-fry,Creamy halloumi stir-fry,"Grilled halloumi tossed in a hot wok with vegetables and a rich, creamy sauce, served over noodles.",Chinese,True,10
honey-ginger-halloumi-stir-fry,Honey ginger halloumi stir-fry,"Grilled halloumi tossed in a hot wok with vegetables and a sweet honey and ginger sauce, served over noodles.",Chinese,True,30
herby-halloumi-stir-fry,Herby halloumi stir-fry,"Grilled halloumi tossed in a hot wok with vegetables and a fresh herb sauce, served over noodles.",Chinese,True,10
spicy-halloumi-risotto,Spicy halloumi risotto,"Creamy arborio rice stirred slowly with grilled halloumi, parmesan and a fiery chili finish.",Italian,True,40
smoky-halloumi-risotto,Smoky halloumi risotto,"Creamy arborio rice stirred slowly with grilled halloumi, parmesan and a smoky paprika finish.",Italian,True,40
lemon-garlic-halloumi-risotto,Lemon garlic halloumi risotto,"Creamy arborio rice stirred slowly with grilled halloumi, parmesan and a bright lemon and garlic finish.",Italian,True,40
creamy-halloumi-risotto,Creamy halloumi risotto,"Creamy arborio rice stirred slowly with grilled halloumi, parmesan and a rich, creamy finish.",Italian,True,35
honey-ginger-halloumi-risotto,Honey ginger halloumi risotto,"Creamy arborio rice stirred slowly with grilled halloumi, parmesan and a sweet honey and ginger finish.",Italian,True,40
herby-halloumi-risotto,Herby halloumi risotto,"Creamy arborio rice stirred slowly with grilled halloumi, parmesan and a fresh herb finish.",Italian,True,40
spicy-halloumi-salad,Spicy halloumi salad,"A fresh bowl of leaves, cucumber and grilled halloumi with a fiery chili dressing.",Mediterranean,True,5
smoky-halloumi-salad,Smoky halloumi salad,"A fresh bowl of leaves, cucumber and grilled halloumi with a smoky paprika dressing.",Mediterranean,True,5
lemon-garlic-halloumi-salad,Lemon garlic halloumi salad,"A fresh bowl of leaves, cucumber and grilled halloumi with a bright lemon and garlic dressing.",Mediterranean,True,20
honey-ginger-halloumi-salad,Honey ginger halloumi salad,"A fresh bowl of leaves, cucumber and grilled halloumi with a sweet honey and ginger dressing.",Mediterranean,True,10
herby-halloumi-salad,Herby halloumi salad,"A fresh bowl of leaves, cucumber and grilled halloumi with a fresh herb dressing.",Mediterranean,True,25
spicy-halloumi-soup,Spicy halloumi soup,"A warming pot of grilled halloumi and root vegetables in a fiery chili broth, served hot.",French,True,45
smoky-halloumi-soup,Smoky halloumi soup,"A warming pot of grilled halloumi and root vegetables in a smoky paprika broth, served hot.",French,True,60
lemon-garlic-halloumi-soup,Lemon garlic halloumi soup,"A warming pot of grilled halloumi and root vegetables in a bright lemon and garlic broth, served hot.",French,True,40
creamy-halloumi-soup,Creamy halloumi soup,"A warming pot of grilled halloumi and root vegetables in a rich, creamy broth, served hot.",French,True,40
herby-halloumi-soup,Herby halloumi soup,"A warming pot of grilled halloumi and root vegetables in a fresh herb broth, served hot.",French,True,40
spicy-halloumi-pasta,Spicy halloumi pasta,"Pasta tossed with grilled halloumi, garlic and a fiery chili sauce, topped with herbs.",Italian,True,25
smoky-halloumi-pasta,Smoky halloumi pasta,"Pasta tossed with grilled halloumi, garlic and a smoky paprika sauce, topped with herbs.",Italian,True,35
lemon-garlic-halloumi-pasta,Lemon garlic halloumi pasta,"Pasta tossed with grilled halloumi, garlic and a bright lemon and garlic sauce, topped with herbs.",Italian,True,20
creamy-halloumi-pasta,Creamy halloumi pasta,"Pasta tossed with grilled halloumi, garlic and a rich, creamy sauce, topped with herbs.",Italian,True,35
honey-ginger-halloumi-pasta,Honey ginger halloumi pasta,"Pasta tossed with grilled halloumi, garlic and a sweet honey and ginger sauce, topped with herbs.",Italian,True,15
spicy-halloumi-burger,Spicy halloumi burger,"A toasted bun with a fiery chili grilled halloumi patty, pickles and crunchy lettuce.",American,True,25
smoky-halloumi-burger,Smoky halloumi burger,"A toasted bun with a smoky paprika grilled halloumi patty, pickles and crunchy lettuce.",American,True,35
lemon-garlic-halloumi-burger,Lemon garlic halloumi burger,"A toasted bun with a bright lemon and garlic grilled halloumi patty, pickles and crunchy lettuce.",American,True,25
creamy-halloumi-burger,Creamy halloumi burger,"A toasted bun with a rich, creamy grilled halloumi patty, pickles and crunchy lettuce.",American,True,20
honey-ginger-halloumi-burger,Honey ginger halloumi burger,"A toasted bun with a sweet honey and ginger grilled halloumi patty, pickles and crunchy lettuce.",American,True,35
herby-halloumi-burger,Herby halloumi burger,"A toasted bun with a fresh herb grilled halloumi patty, pickles and crunchy lettuce.",American,True,20
spicy-halloumi-skewers,Spicy halloumi skewers,"Grilled halloumi threaded on skewers, grilled over high heat and brushed with a fiery chili glaze.",Greek,True,35
smoky-halloumi-skewers,Smoky halloumi skewers,"Grilled halloumi threaded on skewers, grilled over high heat and brushed with a smoky paprika glaze.",Greek,True,45
lemon-garlic-halloumi-skewers,Lemon garlic halloumi skewers,"Grilled halloumi threaded on skewers, grilled over high heat and brushed with a bright lemon and garlic glaze.",Greek,True,40
honey-ginger-halloumi-skewers,Honey ginger halloumi skewers,"Grilled halloumi threaded on skewers, grilled over high heat and brushed with a sweet honey and ginger glaze.",Greek,True,35
herby-halloumi-skewers,Herby halloumi skewers,"Grilled halloumi threaded on skewers, grilled over high heat and brushed with a fresh herb glaze.",Greek,True,40
smoky-halloumi-stew,Smoky halloumi stew,"Grilled halloumi braised slowly with carrots, potatoes and a smoky paprika gravy until thick.",British,True,130
lemon-garlic-halloumi-stew,Lemon garlic halloumi stew,"Grilled halloumi braised slowly with carrots, potatoes and a bright lemon and garlic gravy until thick.",British,True,130
creamy-halloumi-stew,Creamy halloumi stew,"Grilled halloumi braised slowly with carrots, potatoes and a rich, creamy gravy until thick.",British,True,120
honey-ginger-halloumi-stew,Honey ginger halloumi stew,"Grilled halloumi braised slowly with carrots, potatoes and a sweet honey and ginger gravy until thick.",British,True,110
herby-halloumi-stew,Herby halloumi stew,"Grilled halloumi braised slowly with carrots, potatoes and a fresh herb gravy until thick.",British,True,125
spicy-halloumi-noodle-bowl,Spicy halloumi noodle bowl,"Noodles in a steaming broth with grilled halloumi, spring onions and a fiery chili kick.",Japanese,True,40
lemon-garlic-halloumi-noodle-bowl,Lemon garlic halloumi noodle bowl,"Noodles in a steaming broth with grilled halloumi, spring onions and a bright lemon and garlic kick.",Japanese,True,40
creamy-halloumi-noodle-bowl,Creamy halloumi noodle bowl,"Noodles in a steaming broth with grilled halloumi, spring onions and a rich, creamy kick.",Japanese,True,40
honey-ginger-halloumi-noodle-bowl,Honey ginger halloumi noodle bowl,"Noodles in a steaming broth with grilled halloumi, spring onions and a sweet honey and ginger kick.",Japanese,True,25
herby-halloumi-noodle-bowl,Herby halloumi noodle bowl,"Noodles in a steaming broth with grilled halloumi, spring onions and a fresh herb kick.",Japanese,True,25
spicy-halloumi-wrap,Spicy halloumi wrap,"Warm flatbread rolled around grilled halloumi, hummus, salad and a fiery chili sauce.",Middle Eastern,True,30
smoky-halloumi-wrap,Smoky halloumi wrap,"Warm flatbread rolled around grilled halloumi, hummus, salad and a smoky paprika sauce.",Middle Eastern,True,20
lemon-garlic-halloumi-wrap,Lemon garlic halloumi wrap,"Warm flatbread rolled around grilled halloumi, hummus, salad and a bright lemon and garlic sauce.",Middle Eastern,True,30
creamy-halloumi-wrap,Creamy halloumi wrap,"Warm flatbread rolled around grilled halloumi, hummus, salad and a rich, creamy sauce.",Middle Eastern,True,15
honey-ginger-halloumi-wrap,Honey ginger halloumi wrap,"Warm flatbread rolled around grilled halloumi, hummus, salad and a sweet honey and ginger sauce.",Middle Eastern,True,25
herby-halloumi-wrap,Herby halloumi wrap,"Warm flatbread rolled around grilled halloumi, hummus, salad and a fresh herb sauce.",Middle Eastern,True,25
spicy-halloumi-traybake,Spicy halloumi traybake,Grilled halloumi and vegetables roasted together on one tray with a fiery chili seasoning.,British,True,55
smoky-halloumi-traybake,Smoky halloumi traybake,Grilled halloumi and vegetables roasted together on one tray with a smoky paprika seasoning.,British,True,65
lemon-garlic-halloumi-traybake,Lemon garlic halloumi traybake,Grilled halloumi and vegetables roasted together on one tray with a bright lemon and garlic seasoning.,British,True,65
creamy-halloumi-traybake,Creamy halloumi traybake,"Grilled halloumi and vegetables roasted together on one tray with a rich, creamy seasoning.",British,True,55
honey-ginger-halloumi-traybake,Honey ginger halloumi traybake,Grilled halloumi and vegetables roasted together on one tray with a sweet honey and ginger seasoning.,British,True,50
herby-halloumi-traybake,Herby halloumi traybake,Grilled halloumi and vegetables roasted together on one tray with a fresh herb seasoning.,British,True,50
spicy-halloumi-fried-rice,Spicy halloumi fried rice,"Day-old rice fried with egg, peas and grilled halloumi in a fiery chili sauce.",Chinese,True,15
smoky-halloumi-fried-rice,Smoky halloumi fried rice,"Day-old rice fried with egg, peas and grilled halloumi in a smoky paprika sauce.",Chinese,True,15
creamy-halloumi-fried-rice,Creamy halloumi fried rice,"Day-old rice fried with egg, peas and grilled halloumi in a rich, creamy sauce.",Chinese,True,15
honey-ginger-halloumi-fried-rice,Honey ginger halloumi fried rice,"Day-old rice fried with egg, peas and grilled halloumi in a sweet honey and ginger sauce.",Chinese,True,25
herby-halloumi-fried-rice,Herby halloumi fried rice,"Day-old rice fried with egg, peas and grilled halloumi in a fresh herb sauce.",Chinese,True,10
spicy-halloumi-pie,Spicy halloumi pie,"Grilled halloumi in a fiery chili filling under a golden, flaky pastry lid.",British,True,80
smoky-halloumi-pie,Smoky halloumi pie,"Grilled halloumi in a smoky paprika filling under a golden, flaky pastry lid.",British,True,70
lemon-garlic-halloumi-pie,Lemon garlic halloumi pie,"Grilled halloumi in a bright lemon and garlic filling under a golden, flaky pastry lid.",British,True,70
creamy-halloumi-pie,Creamy halloumi pie,"Grilled halloumi in a rich, creamy filling under a golden, flaky pastry lid.",British,True,75
herby-halloumi-pie,Herby halloumi pie,"Grilled halloumi in a fresh herb filling under a golden, flaky pastry lid.",British,True,65
herby-halloumi-green-curry,Herby halloumi green curry,Grilled halloumi cooked in coconut milk with green curry paste and a fresh herb edge.,Thai,True,25
spicy-halloumi-enchiladas,Spicy halloumi enchiladas,"Tortillas rolled around grilled halloumi, covered with a fiery chili sauce and cheese, then baked.",Mexican,True,45
smoky-halloumi-enchiladas,Smoky halloumi enchiladas,"Tortillas rolled around grilled halloumi, covered with a smoky paprika sauce and cheese, then baked.",Mexican,True,45
lemon-garlic-halloumi-enchiladas,Lemon garlic halloumi enchiladas,"Tortillas rolled around grilled halloumi, covered with a bright lemon and garlic sauce and cheese, then baked.",Mexican,True,50
creamy-halloumi-enchiladas,Creamy halloumi enchiladas,"Tortillas rolled around grilled halloumi, covered with a rich, creamy sauce and cheese, then baked.",Mexican,True,55
honey-ginger-halloumi-enchiladas,Honey ginger halloumi enchiladas,"Tortillas rolled around grilled halloumi, covered with a sweet honey and ginger sauce and cheese, then baked.",Mexican,True,55
spicy-halloumi-flatbread,Spicy halloumi flatbread,"Crisp flatbread topped with grilled halloumi, yogurt and a fiery chili drizzle.",Middle Eastern,True,25
lemon-garlic-halloumi-flatbread,Lemon garlic halloumi flatbread,"Crisp flatbread topped with grilled halloumi, yogurt and a bright lemon and garlic drizzle.",Middle Eastern,True,35
creamy-halloumi-flatbread,Creamy halloumi flatbread,"Crisp flatbread topped with grilled halloumi, yogurt and a rich, creamy drizzle.",Middle Eastern,True,15
honey-ginger-halloumi-flatbread,Honey ginger halloumi flatbread,"Crisp flatbread topped with grilled halloumi, yogurt and a sweet honey and ginger drizzle.",Middle Eastern,True,35
herby-halloumi-flatbread,Herby halloumi flatbread,"Crisp flatbread topped with grilled halloumi, yogurt and a fresh herb drizzle.",Middle Eastern,True,35
spicy-paneer-curry,Spicy paneer curry,"Paneer simmered in a fiery chili curry sauce with onion, ginger and garam masala, served with rice.",Indian,True,45
lemon-garlic-paneer-curry,Lemon garlic paneer curry,"Paneer simmered in a bright lemon and garlic curry sauce with onion, ginger and garam masala, served with rice.",Indian,True,50
creamy-paneer-curry,Creamy paneer curry,"Paneer simmered in a rich, creamy curry sauce with onion, ginger and garam masala, served with rice.",Indian,True,35
honey-ginger-paneer-curry,Honey ginger paneer curry,"Paneer simmered in a sweet honey and ginger curry sauce with onion, ginger and garam masala, served with rice.",Indian,True,45
spicy-paneer-tacos,Spicy paneer tacos,"Soft tortillas filled with fiery chili paneer, salsa, lime and shredded cabbage.",Mexican,True,35
smoky-paneer-tacos,Smoky paneer tacos,"Soft tortillas filled with smoky paprika paneer, salsa, lime and shredded cabbage.",Mexican,True,25
creamy-paneer-tacos,Creamy paneer tacos,"Soft tortillas filled with rich, creamy paneer, salsa, lime and shredded cabbage.",Mexican,True,30
honey-ginger-paneer-tacos,Honey ginger paneer tacos,"Soft tortillas filled with sweet honey and ginger paneer, salsa, lime and shredded cabbage.",Mexican,True,20
herby-paneer-tacos,Herby paneer tacos,"Soft tortillas filled with fresh herb paneer, salsa, lime and shredded cabbage.",Mexican,True,35
creamy-paneer-stir-fry,Creamy paneer stir-fry,"Paneer tossed in a hot wok with vegetables and a rich, creamy sauce, served over noodles.",Chinese,True,15
honey-ginger-paneer-stir-fry,Honey ginger paneer stir-fry,"Paneer tossed in a hot wok with vegetables and a sweet honey and ginger sauce, served over noodles.",Chinese,True,30
herby-paneer-stir-fry,Herby paneer stir-fry,"Paneer tossed in a hot wok with vegetables and a fresh herb sauce, served over noodles.",Chinese,True,25
smoky-paneer-risotto,Smoky paneer risotto,"Creamy arborio rice stirred slowly with paneer, parmesan and a smoky paprika finish.",Italian,True,40
creamy-paneer-risotto,Creamy paneer risotto,"Creamy arborio rice stirred slowly with paneer, parmesan and a rich, creamy finish.",Italian,True,45
honey-ginger-paneer-risotto,Honey ginger paneer risotto,"Creamy arborio rice stirred slowly with paneer, parmesan and a sweet honey and ginger finish.",Italian,True,55
herby-paneer-risotto,Herby paneer risotto,"Creamy arborio rice stirred slowly with paneer, parmesan and a fresh herb finish.",Italian,True,55
spicy-paneer-salad,Spicy paneer salad,"A fresh bowl of leaves, cucumber and paneer with a fiery chili dressing.",Mediterranean,True,20
smoky-paneer-salad,Smoky paneer salad,"A fresh bowl of leaves, cucumber and paneer with a smoky paprika dressing.",Mediterranean,True,5
lemon-garlic-paneer-salad,Lemon garlic paneer salad,"A fresh bowl of leaves, cucumber and paneer with a bright lemon and garlic dressing.",Mediterranean,True,25
creamy-paneer-salad,Creamy paneer salad,"A fresh bowl of leaves, cucumber and paneer with a rich, creamy dressing.",Mediterranean,True,20
herby-paneer-salad,Herby paneer salad,"A fresh bowl of leaves, cucumber and paneer with a fresh herb dressing.",Mediterranean,True,25
creamy-paneer-soup,Creamy paneer soup,"A warming pot of paneer and root vegetables in a rich, creamy broth, served hot.",French,True,55
honey-ginger-paneer-soup,Honey ginger paneer soup,"A warming pot of paneer and root vegetables in a sweet honey and ginger broth, served hot.",French,True,60
herby-paneer-soup,Herby paneer soup,"A warming pot of paneer and root vegetables in a fresh herb broth, served hot.",French,True,50
spicy-paneer-pasta,Spicy paneer pasta,"Pasta tossed with paneer, garlic and a fiery chili sauce, topped with herbs.",Italian,True,30
lemon-garlic-paneer-pasta,Lemon garlic paneer pasta,"Pasta tossed with paneer, garlic and a bright lemon and garlic sauce, topped with herbs.",Italian,True,30
creamy-paneer-pasta,Creamy paneer pasta,"Pasta tossed with paneer, garlic and a rich, creamy sauce, topped with herbs.",Italian,True,20
honey-ginger-paneer-pasta,Honey ginger paneer pasta,"Pasta tossed with paneer, garlic and a sweet honey and ginger sauce, topped with herbs.",Italian,True,30
herby-paneer-pasta,Herby paneer pasta,"Pasta tossed with paneer, garlic and a fresh herb sauce, topped with herbs.",Italian,True,35
spicy-paneer-burger,Spicy paneer burger,"A toasted bun with a fiery chili paneer patty, pickles and crunchy lettuce.",American,True,40
smoky-paneer-burger,Smoky paneer burger,"A toasted bun with a smoky paprika paneer patty, pickles and crunchy lettuce.",American,True,30
creamy-paneer-burger,Creamy paneer burger,"A toasted bun with a rich, creamy paneer patty, pickles and crunchy lettuce.",American,True,20
herby-paneer-burger,Herby paneer burger,"A toasted bun with a fresh herb paneer patty, pickles and crunchy lettuce.",American,True,25
spicy-paneer-skewers,Spicy paneer skewers,"Paneer threaded on skewers, grilled over high heat and brushed with a fiery chili glaze.",Greek,True,25
smoky-paneer-skewers,Smoky paneer skewers,"Paneer threaded on skewers, grilled over high heat and brushed with a smoky paprika glaze.",Greek,True,30
lemon-garlic-paneer-skewers,Lemon garlic paneer skewers,"Paneer threaded on skewers, grilled over high heat and brushed with a bright lemon and garlic glaze.",Greek,True,35
creamy-paneer-skewers,Creamy paneer skewers,"Paneer threaded on skewers, grilled over high heat and brushed with a rich, creamy glaze.",Greek,True,40
honey-ginger-paneer-skewers,Honey ginger paneer skewers,"Paneer threaded on skewers, grilled over high heat and brushed with a sweet honey and ginger glaze.",Greek,True,30
herby-paneer-skewers,Herby paneer skewers,"Paneer threaded on skewers, grilled over high heat and brushed with a fresh herb glaze.",Greek,True,35
smoky-paneer-stew,Smoky paneer stew,"Paneer braised slowly with carrots, potatoes and a smoky paprika gravy until thick.",British,True,115
lemon-garlic-paneer-stew,Lemon garlic paneer stew,"Paneer braised slowly with carrots, potatoes and a bright lemon and garlic gravy until thick.",British,True,130
creamy-paneer-stew,Creamy paneer stew,"Paneer braised slowly with carrots, potatoes and a rich, creamy gravy until thick.",British,True,125
honey-ginger-paneer-stew,Honey ginger paneer stew,"Paneer braised slowly with carrots, potatoes and a sweet honey and ginger gravy until thick.",British,True,115
herby-paneer-stew,Herby paneer stew,"Paneer braised slowly with carrots, potatoes and a fresh herb gravy until thick.",British,True,115
spicy-paneer-noodle-bowl,Spicy paneer noodle bowl,"Noodles in a steaming broth with paneer, spring onions and a fiery chili kick.",Japanese,True,25
smoky-paneer-noodle-bowl,Smoky paneer noodle bowl,"Noodles in a steaming broth with paneer, spring onions and a smoky paprika kick.",Japanese,True,40
lemon-garlic-paneer-noodle-bowl,Lemon garlic paneer noodle bowl,"Noodles in a steaming broth with paneer, spring onions and a bright lemon and garlic kick.",Japanese,True,25
creamy-paneer-noodle-bowl,Creamy paneer noodle bowl,"Noodles in a steaming broth with paneer, spring onions and a rich, creamy kick.",Japanese,True,30
honey-ginger-paneer-noodle-bowl,Honey ginger paneer noodle bowl,"Noodles in a steaming broth with paneer, spring onions and a sweet honey and ginger kick.",Japanese,True,35
herby-paneer-noodle-bowl,Herby paneer noodle bowl,"Noodles in a steaming broth with paneer, spring onions and a fresh herb kick.",Japanese,True,35
spicy-paneer-wrap,Spicy paneer wrap,"Warm flatbread rolled around paneer, hummus, salad and a fiery chili sauce.",Middle Eastern,True,25
lemon-garlic-paneer-wrap,Lemon garlic paneer wrap,"Warm flatbread rolled around paneer, hummus, salad and a bright lemon and garlic sauce.",Middle Eastern,True,10
honey-ginger-paneer-wrap,Honey ginger paneer wrap,"Warm flatbread rolled around paneer, hummus, salad and a sweet honey and ginger sauce.",Middle Eastern,True,15
herby-paneer-wrap,Herby paneer wrap,"Warm flatbread rolled around paneer, hummus, salad and a fresh herb sauce.",Middle Eastern,True,25
spicy-paneer-traybake,Spicy paneer traybake,Paneer and vegetables roasted together on one tray with a fiery chili seasoning.,British,True,50
smoky-paneer-traybake,Smoky paneer traybake,Paneer and vegetables roasted together on one tray with a smoky paprika seasoning.,British,True,60
lemon-garlic-paneer-traybake,Lemon garlic paneer traybake,Paneer and vegetables roasted together on one tray with a bright lemon and garlic seasoning.,British,True,60
creamy-paneer-traybake,Creamy paneer traybake,"Paneer and vegetables roasted together on one tray with a rich, creamy seasoning.",British,True,65
honey-ginger-paneer-traybake,Honey ginger paneer traybake,Paneer and vegetables roasted together on one tray with a sweet honey and ginger seasoning.,British,True,60
herby-paneer-traybake,Herby paneer traybake,Paneer and vegetables roasted together on one tray with a fresh herb seasoning.,British,True,45
spicy-paneer-fried-rice,Spicy paneer fried rice,"Day-old rice fried with egg, peas and paneer in a fiery chili sauce.",Chinese,True,20
smoky-paneer-fried-rice,Smoky paneer fried rice,"Day-old rice fried with egg, peas and paneer in a smoky paprika sauce.",Chinese,True,30
lemon-garlic-paneer-fried-rice,Lemon garlic paneer fried rice,"Day-old rice fried with egg, peas and paneer in a bright lemon and garlic sauce.",Chinese,True,15
creamy-paneer-fried-rice,Creamy paneer fried rice,"Day-old rice fried with egg, peas and paneer in a rich, creamy sauce.",Chinese,True,10
honey-ginger-paneer-fried-rice,Honey ginger paneer fried rice,"Day-old rice fried with egg, peas and paneer in a sweet honey and ginger sauce.",Chinese,True,20
herby-paneer-fried-rice,Herby paneer fried rice,"Day-old rice fried with egg, peas and paneer in a fresh herb sauce.",Chinese,True,25
smoky-paneer-pie,Smoky paneer pie,"Paneer in a smoky paprika filling under a golden, flaky pastry lid.",British,True,80
lemon-garlic-paneer-pie,Lemon garlic paneer pie,"Paneer in a bright lemon and garlic filling under a golden, flaky pastry lid.",British,True,65
honey-ginger-paneer-pie,Honey ginger paneer pie,"Paneer in a sweet honey and ginger filling under a golden, flaky pastry lid.",British,True,65
herby-paneer-pie,Herby paneer pie,"Paneer in a fresh herb filling under a golden, flaky pastry lid.",British,True,65
spicy-paneer-green-curry,Spicy paneer green curry,Paneer cooked in coconut milk with green curry paste and a fiery chili edge.,Thai,True,40
smoky-paneer-green-curry,Smoky paneer green curry,Paneer cooked in coconut milk with green curry paste and a smoky paprika edge.,Thai,True,35
lemon-garlic-paneer-green-curry,Lemon garlic paneer green curry,Paneer cooked in coconut milk with green curry paste and a bright lemon and garlic edge.,Thai,True,35
creamy-paneer-green-curry,Creamy paneer green curry,"Paneer cooked in coconut milk with green curry paste and a rich, creamy edge.",Thai,True,30
honey-ginger-paneer-green-curry,Honey ginger paneer green curry,Paneer cooked in coconut milk with green curry paste and a sweet honey and ginger edge.,Thai,True,40
spicy-paneer-enchiladas,Spicy paneer enchiladas,"Tortillas rolled around paneer, covered with a fiery chili sauce and cheese, then baked.",Mexican,True,45
smoky-paneer-enchiladas,Smoky paneer enchiladas,"Tortillas rolled around paneer, covered with a smoky paprika sauce and cheese, then baked.",Mexican,True,60
lemon-garlic-paneer-enchiladas,Lemon garlic paneer enchiladas,"Tortillas rolled around paneer, covered with a bright lemon and garlic sauce and cheese, then baked.",Mexican,True,50
honey-ginger-paneer-enchiladas,Honey ginger paneer enchiladas,"Tortillas rolled around paneer, covered with a sweet honey and ginger sauce and cheese, then baked.",Mexican,True,55
herby-paneer-enchiladas,Herby paneer enchiladas,"Tortillas rolled around paneer, covered with a fresh herb sauce and cheese, then baked.",Mexican,True,50
spicy-paneer-flatbread,Spicy paneer flatbread,"Crisp flatbread topped with paneer, yogurt and a fiery chili drizzle.",Middle Eastern,True,35
smoky-paneer-flatbread,Smoky paneer flatbread,"Crisp flatbread topped with paneer, yogurt and a smoky paprika drizzle.",Middle Eastern,True,30
lemon-garlic-paneer-flatbread,Lemon garlic paneer flatbread,"Crisp flatbread topped with paneer, yogurt and a bright lemon and garlic drizzle.",Middle Eastern,True,30
creamy-paneer-flatbread,Creamy paneer flatbread,"Crisp flatbread topped with paneer, yogurt and a rich, creamy drizzle.",Middle Eastern,True,35
herby-paneer-flatbread,Herby paneer flatbread,"Crisp flatbread topped with paneer, yogurt and a fresh herb drizzle.",Middle Eastern,True,20
spicy-black-bean-curry,Spicy black bean curry,"Black beans simmered in a fiery chili curry sauce with onion, ginger and garam masala, served with rice.",Indian,True,45
smoky-black-bean-curry,Smoky black bean curry,"Black beans simmered in a smoky paprika curry sauce with onion, ginger and garam masala, served with rice.",Indian,True,50
lemon-garlic-black-bean-curry,Lemon garlic black bean curry,"Black beans simmered in a bright lemon and garlic curry sauce with onion, ginger and garam masala, served with rice.",Indian,True,30
creamy-black-bean-curry,Creamy black bean curry,"Black beans simmered in a rich, creamy curry sauce with onion, ginger and garam masala, served with rice.",Indian,True,50
honey-ginger-black-bean-curry,Honey ginger black bean curry,"Black beans simmered in a sweet honey and ginger curry sauce with onion, ginger and garam masala, served with rice.",Indian,True,40
herby-black-bean-curry,Herby black bean curry,"Black beans simmered in a fresh herb curry sauce with onion, ginger and garam masala, served with rice.",Indian,True,35
spicy-black-bean-tacos,Spicy black bean tacos,"Soft tortillas filled with fiery chili black beans, salsa, lime and shredded cabbage.",Mexican,True,15
smoky-black-bean-tacos,Smoky black bean tacos,"Soft tortillas filled with smoky paprika black beans, salsa, lime and shredded cabbage.",Mexican,True,30
lemon-garlic-black-bean-tacos,Lemon garlic black bean tacos,"Soft tortillas filled with bright lemon and garlic black beans, salsa, lime and shredded cabbage.",Mexican,True,30
creamy-black-bean-tacos,Creamy black bean tacos,"Soft tortillas filled with rich, creamy black beans, salsa, lime and shredded cabbage.",Mexican,True,25
honey-ginger-black-bean-tacos,Honey ginger black bean tacos,"Soft tortillas filled with sweet honey and ginger black beans, salsa, lime and shredded cabbage.",Mexican,True,20
herby-black-bean-tacos,Herby black bean tacos,"Soft tortillas filled with fresh herb black beans, salsa, lime and shredded cabbage.",Mexican,True,25
spicy-black-bean-stir-fry,Spicy black bean stir-fry,"Black beans tossed in a hot wok with vegetables and a fiery chili sauce, served over noodles.",Chinese,True,10
lemon-garlic-black-bean-stir-fry,Lemon garlic black bean stir-fry,"Black beans tossed in a hot wok with vegetables and a bright lemon and garlic sauce, served over noodles.",Chinese,True,15
creamy-black-bean-stir-fry,Creamy black bean stir-fry,"Black beans tossed in a hot wok with vegetables and a rich, creamy sauce, served over noodles.",Chinese,True,15
honey-ginger-black-bean-stir-fry,Honey ginger black bean stir-fry,"Black beans tossed in a hot wok with vegetables and a sweet honey and ginger sauce, served over noodles.",Chinese,True,20
herby-black-bean-stir-fry,Herby black bean stir-fry,"Black beans tossed in a hot wok with vegetables and a fresh herb sauce, served over noodles.",Chinese,True,10
smoky-black-bean-risotto,Smoky black bean risotto,"Creamy arborio rice stirred slowly with black beans, parmesan and a smoky paprika finish.",Italian,True,45
lemon-garlic-black-bean-risotto,Lemon garlic black bean risotto,"Creamy arborio rice stirred slowly with black beans, parmesan and a bright lemon and garlic finish.",Italian,True,35
creamy-black-bean-risotto,Creamy black bean risotto,"Creamy arborio rice stirred slowly with black beans, parmesan and a rich, creamy finish.",Italian,True,45
honey-ginger-black-bean-risotto,Honey ginger black bean risotto,"Creamy arborio rice stirred slowly with black beans, parmesan and a sweet honey and ginger finish.",Italian,True,50
herby-black-bean-risotto,Herby black bean risotto,"Creamy arborio rice stirred slowly with black beans, parmesan and a fresh herb finish.",Italian,True,40
spicy-black-bean-salad,Spicy black bean salad,"A fresh bowl of leaves, cucumber and black beans with a fiery chili dressing.",Mediterranean,True,25
smoky-black-bean-salad,Smoky black bean salad,"A fresh bowl of leaves, cucumber and black beans with a smoky paprika dressing.",Mediterranean,True,20
lemon-garlic-black-bean-salad,Lemon garlic black bean salad,"A fresh bowl of leaves, cucumber and black beans with a bright lemon and garlic dressing.",Mediterranean,True,25
creamy-black-bean-salad,Creamy black bean salad,"A fresh bowl of leaves, cucumber and black beans with a rich, creamy dressing.",Mediterranean,True,20
honey-ginger-black-bean-salad,Honey ginger black bean salad,"A fresh bowl of leaves, cucumber and black beans with a sweet honey and ginger dressing.",Mediterranean,True,25
spicy-black-bean-soup,Spicy black bean soup,"A warming pot of black beans and root vegetables in a fiery chili broth, served hot.",French,True,60
smoky-black-bean-soup,Smoky black bean soup,"A warming pot of black beans and root vegetables in a smoky paprika broth, served hot.",French,True,45
lemon-garlic-black-bean-soup,Lemon garlic black bean soup,"A warming pot of black beans and root vegetables in a bright lemon and garlic broth, served hot.",French,True,55
creamy-black-bean-soup,Creamy black bean soup,"A warming pot of black beans and root vegetables in a rich, creamy broth, served hot.",French,True,60
honey-ginger-black-bean-soup,Honey ginger black bean soup,"A warming pot of black beans and root vegetables in a sweet honey and ginger broth, served hot.",French,True,40
spicy-black-bean-pasta,Spicy black bean pasta,"Pasta tossed with black beans, garlic and a fiery chili sauce, topped with herbs.",Italian,True,20
smoky-black-bean-pasta,Smoky black bean pasta,"Pasta tossed with black beans, garlic and a smoky paprika sauce, topped with herbs.",Italian,True,35
lemon-garlic-black-bean-pasta,Lemon garlic black bean pasta,"Pasta tossed with black beans, garlic and a bright lemon and garlic sauce, topped with herbs.",Italian,True,30
creamy-black-bean-pasta,Creamy black bean pasta,"Pasta tossed with black beans, garlic and a rich, creamy sauce, topped with herbs.",Italian,True,15
honey-ginger-black-bean-pasta,Honey ginger black bean pasta,"Pasta tossed with black beans, garlic and a sweet honey and ginger sauce, topped with herbs.",Italian,True,30
herby-black-bean-pasta,Herby black bean pasta,"Pasta tossed with black beans, garlic and a fresh herb sauce, topped with herbs.",Italian,True,25
spicy-black-bean-burger,Spicy black bean burger,"A toasted bun with a fiery chili black beans patty, pickles and crunchy lettuce.",American,True,40
smoky-black-bean-burger,Smoky black bean burger,"A toasted bun with a smoky paprika black beans patty, pickles and crunchy lettuce.",American,True,30
lemon-garlic-black-bean-burger,Lemon garlic black bean burger,"A toasted bun with a bright lemon and garlic black beans patty, pickles and crunchy lettuce.",American,True,20
creamy-black-bean-burger,Creamy black bean burger,"A toasted bun with a rich, creamy black beans patty, pickles and crunchy lettuce.",American,True,25
honey-ginger-black-bean-burger,Honey ginger black bean burger,"A toasted bun with a sweet honey and ginger black beans patty, pickles and crunchy lettuce.",American,True,40
herby-black-bean-burger,Herby black bean burger,"A toasted bun with a fresh herb black beans patty, pickles and crunchy lettuce.",American,True,20
spicy-black-bean-skewers,Spicy black bean skewers,"Black beans threaded on skewers, grilled over high heat and brushed with a fiery chili glaze.",Greek,True,35
smoky-black-bean-skewers,Smoky black bean skewers,"Black beans threaded on skewers, grilled over high heat and brushed with a smoky paprika glaze.",Greek,True,30
lemon-garlic-black-bean-skewers,Lemon garlic black bean skewers,"Black beans threaded on skewers, grilled over high heat and brushed with a bright lemon and garlic glaze.",Greek,True,40
creamy-black-bean-skewers,Creamy black bean skewers,"Black beans threaded on skewers, grilled over high heat and brushed with a rich, creamy glaze.",Greek,True,25
herby-black-bean-skewers,Herby black bean skewers,"Black beans threaded on skewers, grilled over high heat and brushed with a fresh herb glaze.",Greek,True,25
spicy-black-bean-stew,Spicy black bean stew,"Black beans braised slowly with carrots, potatoes and a fiery chili gravy until thick.",British,True,115
smoky-black-bean-stew,Smoky black bean stew,"Black beans braised slowly with carrots, potatoes and a smoky paprika gravy until thick.",British,True,115
lemon-garlic-black-bean-stew,Lemon garlic black bean stew,"Black beans braised slowly with carrots, potatoes and a bright lemon and garlic gravy until thick.",British,True,115
honey-ginger-black-bean-stew,Honey ginger black bean stew,"Black beans braised slowly with carrots, potatoes and a sweet honey and ginger gravy until thick.",British,True,115
herby-black-bean-stew,Herby black bean stew,"Black beans braised slowly with carrots, potatoes and a fresh herb gravy until thick.",British,True,115
spicy-black-bean-noodle-bowl,Spicy black bean noodle bowl,"Noodles in a steaming broth with black beans, spring onions and a fiery chili kick.",Japanese,True,30
smoky-black-bean-noodle-bowl,Smoky black bean noodle bowl,"Noodles in a steaming broth with black beans, spring onions and a smoky paprika kick.",Japanese,True,20
lemon-garlic-black-bean-noodle-bowl,Lemon garlic black bean noodle bowl,"Noodles in a steaming broth with black beans, spring onions and a bright lemon and garlic kick.",Japanese,True,40
honey-ginger-black-bean-noodle-bowl,Honey ginger black bean noodle bowl,"Noodles in a steaming broth with black beans, spring onions and a sweet honey and ginger kick.",Japanese,True,35
herby-black-bean-noodle-bowl,Herby black bean noodle bowl,"Noodles in a steaming broth with black beans, spring onions and a fresh herb kick.",Japanese,True,35
spicy-black-bean-wrap,Spicy black bean wrap,"Warm flatbread rolled around black beans, hummus, salad and a fiery chili sauce.",Middle Eastern,True,10
smoky-black-bean-wrap,Smoky black bean wrap,"Warm flatbread rolled around black beans, hummus, salad and a smoky paprika sauce.",Middle Eastern,True,20
creamy-black-bean-wrap,Creamy black bean wrap,"Warm flatbread rolled around black beans, hummus, salad and a rich, creamy sauce.",Middle Eastern,True,25
honey-ginger-black-bean-wrap,Honey ginger black bean wrap,"Warm flatbread rolled around black beans, hummus, salad and a sweet honey and ginger sauce.",Middle Eastern,True,10
herby-black-bean-wrap,Herby black bean wrap,"Warm flatbread rolled around black beans, hummus, salad and a fresh herb sauce.",Middle Eastern,True,25
spicy-black-bean-traybake,Spicy black bean traybake,Black beans and vegetables roasted together on one tray with a fiery chili seasoning.,British,True,50
smoky-black-bean-traybake,Smoky black bean traybake,Black beans and vegetables roasted together on one tray with a smoky paprika seasoning.,British,True,60
lemon-garlic-black-bean-traybake,Lemon garlic black bean traybake,Black beans and vegetables roasted together on one tray with a bright lemon and garlic seasoning.,British,True,65
creamy-black-bean-traybake,Creamy black bean traybake,"Black beans and vegetables roasted together on one tray with a rich, creamy seasoning.",British,True,50
honey-ginger-black-bean-traybake,Honey ginger black bean traybake,Black beans and vegetables roasted together on one tray with a sweet honey and ginger seasoning.,British,True,60
herby-black-bean-traybake,Herby black bean traybake,Black beans and vegetables roasted together on one tray with a fresh herb seasoning.,British,True,45
spicy-black-bean-fried-rice,Spicy black bean fried rice,"Day-old rice fried with egg, peas and black beans in a fiery chili sauce.",Chinese,True,30
lemon-garlic-black-bean-fried-rice,Lemon garlic black bean fried rice,"Day-old rice fried with egg, peas and black beans in a bright lemon and garlic sauce.",Chinese,True,25
creamy-black-bean-fried-rice,Creamy black bean fried rice,"Day-old rice fried with egg, peas and black beans in a rich, creamy sauce.",Chinese,True,20
honey-ginger-black-bean-fried-rice,Honey ginger black bean fried rice,"Day-old rice fried with egg, peas and black beans in a sweet honey and ginger sauce.",Chinese,True,15
herby-black-bean-fried-rice,Herby black bean fried rice,"Day-old rice fried with egg, peas and black beans in a fresh herb sauce.",Chinese,True,25
lemon-garlic-black-bean-pie,Lemon garlic black bean pie,"Black beans in a bright lemon and garlic filling under a golden, flaky pastry lid.",British,True,70
creamy-black-bean-pie,Creamy black bean pie,"Black beans in a rich, creamy filling under a golden, flaky pastry lid.",British,True,70
honey-ginger-black-bean-pie,Honey ginger black bean pie,"Black beans in a sweet honey and ginger filling under a golden, flaky pastry lid.",British,True,65
smoky-black-bean-green-curry,Smoky black bean green curry,Black beans cooked in coconut milk with green curry paste and a smoky paprika edge.,Thai,True,35
lemon-garlic-black-bean-green-curry,Lemon garlic black bean green curry,Black beans cooked in coconut milk with green curry paste and a bright lemon and garlic edge.,Thai,True,30
creamy-black-bean-green-curry,Creamy black bean green curry,"Black beans cooked in coconut milk with green curry paste and a rich, creamy edge.",Thai,True,45
smoky-black-bean-enchiladas,Smoky black bean enchiladas,"Tortillas rolled around black beans, covered with a smoky paprika sauce and cheese, then baked.",Mexican,True,40
lemon-garlic-black-bean-enchiladas,Lemon garlic black bean enchiladas,"Tortillas rolled around black beans, covered with a bright lemon and garlic sauce and cheese, then baked.",Mexican,True,60
honey-ginger-black-bean-enchiladas,Honey ginger black bean enchiladas,"Tortillas rolled around black beans, covered with a sweet honey and ginger sauce and cheese, then baked.",Mexican,True,55
herby-black-bean-enchiladas,Herby black bean enchiladas,"Tortillas rolled around black beans, covered with a fresh herb sauce and cheese, then baked.",Mexican,True,40
spicy-black-bean-flatbread,Spicy black bean flatbread,"Crisp flatbread topped with black beans, yogurt and a fiery chili drizzle.",Middle Eastern,True,20
smoky-black-bean-flatbread,Smoky black bean flatbread,"Crisp flatbread topped with black beans, yogurt and a smoky paprika drizzle.",Middle Eastern,True,15
lemon-garlic-black-bean-flatbread,Lemon garlic black bean flatbread,"Crisp flatbread topped with black beans, yogurt and a bright lemon and garlic drizzle.",Middle Eastern,True,15
creamy-black-bean-flatbread,Creamy black bean flatbread,"Crisp flatbread topped with black beans, yogurt and a rich, creamy drizzle.",Middle Eastern,True,25
honey-ginger-black-bean-flatbread,Honey ginger black bean flatbread,"Crisp flatbread topped with black beans, yogurt and a sweet honey and ginger drizzle.",Middle Eastern,True,20
spicy-cauliflower-curry,Spicy cauliflower curry,"Roasted cauliflower simmered in a fiery chili curry sauce with onion, ginger and garam masala, served with rice.",Indian,True,45
smoky-cauliflower-curry,Smoky cauliflower curry,"Roasted cauliflower simmered in a smoky paprika curry sauce with onion, ginger and garam masala, served with rice.",Indian,True,35
lemon-garlic-cauliflower-curry,Lemon garlic cauliflower curry,"Roasted cauliflower simmered in a bright lemon and garlic curry sauce with onion, ginger and garam masala, served with rice.",Indian,True,35
herby-cauliflower-curry,Herby cauliflower curry,"Roasted cauliflower simmered in a fresh herb curry sauce with onion, ginger and garam masala, served with rice.",Indian,True,30
spicy-cauliflower-tacos,Spicy cauliflower tacos,"Soft tortillas filled with fiery chili roasted cauliflower, salsa, lime and shredded cabbage.",Mexican,True,20
smoky-cauliflower-tacos,Smoky cauliflower tacos,"Soft tortillas filled with smoky paprika roasted cauliflower, salsa, lime and shredded cabbage.",Mexican,True,20
creamy-cauliflower-tacos,Creamy cauliflower tacos,"Soft tortillas filled with rich, creamy roasted cauliflower, salsa, lime and shredded cabbage.",Mexican,True,30
honey-ginger-cauliflower-tacos,Honey ginger cauliflower tacos,"Soft tortillas filled with sweet honey and ginger roasted cauliflower, salsa, lime and shredded cabbage.",Mexican,True,20
herby-cauliflower-tacos,Herby cauliflower tacos,"Soft tortillas filled with fresh herb roasted cauliflower, salsa, lime and shredded cabbage.",Mexican,True,20
spicy-cauliflower-stir-fry,Spicy cauliflower stir-fry,"Roasted cauliflower tossed in a hot wok with vegetables and a fiery chili sauce, served over noodles.",Chinese,True,15
lemon-garlic-cauliflower-stir-fry,Lemon garlic cauliflower stir-fry,"Roasted cauliflower tossed in a hot wok with vegetables and a bright lemon and garlic sauce, served over noodles.",Chinese,True,25
creamy-cauliflower-stir-fry,Creamy cauliflower stir-fry,"Roasted cauliflower tossed in a hot wok with vegetables and a rich, creamy sauce, served over noodles.",Chinese,True,30
herby-cauliflower-stir-fry,Herby cauliflower stir-fry,"Roasted cauliflower tossed in a hot wok with vegetables and a fresh herb sauce, served over noodles.",Chinese,True,25
lemon-garlic-cauliflower-risotto,Lemon garlic cauliflower risotto,"Creamy arborio rice stirred slowly with roasted cauliflower, parmesan and a bright lemon and garlic finish.",Italian,True,50
creamy-cauliflower-risotto,Creamy cauliflower risotto,"Creamy arborio rice stirred slowly with roasted cauliflower, parmesan and a rich, creamy finish.",Italian,True,40
honey-ginger-cauliflower-risotto,Honey ginger cauliflower risotto,"Creamy arborio rice stirred slowly with roasted cauliflower, parmesan and a sweet honey and ginger finish.",Italian,True,50
herby-cauliflower-risotto,Herby cauliflower risotto,"Creamy arborio rice stirred slowly with roasted cauliflower, parmesan and a fresh herb finish.",Italian,True,35
smoky-cauliflower-salad,Smoky cauliflower salad,"A fresh bowl of leaves, cucumber and roasted cauliflower with a smoky paprika dressing.",Mediterranean,True,10
creamy-cauliflower-salad,Creamy cauliflower salad,"A fresh bowl of leaves, cucumber and roasted cauliflower with a rich, creamy dressing.",Mediterranean,True,10
honey-ginger-cauliflower-salad,Honey ginger cauliflower salad,"A fresh bowl of leaves, cucumber and roasted cauliflower with a sweet honey and ginger dressing.",Mediterranean,True,10
herby-cauliflower-salad,Herby cauliflower salad,"A fresh bowl of leaves, cucumber and roasted cauliflower with a fresh herb dressing.",Mediterranean,True,25
spicy-cauliflower-soup,Spicy cauliflower soup,"A warming pot of roasted cauliflower and root vegetables in a fiery chili broth, served hot.",French,True,40
smoky-cauliflower-soup,Smoky cauliflower soup,"A warming pot of roasted cauliflower and root vegetables in a smoky paprika broth, served hot.",French,True,60
lemon-garlic-cauliflower-soup,Lemon garlic cauliflower soup,"A warming pot of roasted cauliflower and root vegetables in a bright lemon and garlic broth, served hot.",French,True,55
creamy-cauliflower-soup,Creamy cauliflower soup,"A warming pot of roasted cauliflower and root vegetables in a rich, creamy broth, served hot.",French,True,60
honey-ginger-cauliflower-soup,Honey ginger cauliflower soup,"A warming pot of roasted cauliflower and root vegetables in a sweet honey and ginger broth, served hot.",French,True,55
herby-cauliflower-soup,Herby cauliflower soup,"A warming pot of roasted cauliflower and root vegetables in a fresh herb broth, served hot.",French,True,50
spicy-cauliflower-pasta,Spicy cauliflower pasta,"Pasta tossed with roasted cauliflower, garlic and a fiery chili sauce, topped with herbs.",Italian,True,20
smoky-cauliflower-pasta,Smoky cauliflower pasta,"Pasta tossed with roasted cauliflower, garlic and a smoky paprika sauce, topped with herbs.",Italian,True,35
creamy-cauliflower-pasta,Creamy cauliflower pasta,"Pasta tossed with roasted cauliflower, garlic and a rich, creamy sauce, topped with herbs.",Italian,True,15
honey-ginger-cauliflower-pasta,Honey ginger cauliflower pasta,"Pasta tossed with roasted cauliflower, garlic and a sweet honey and ginger sauce, topped with herbs.",Italian,True,15
herby-cauliflower-pasta,Herby cauliflower pasta,"Pasta tossed with roasted cauliflower, garlic and a fresh herb sauce, topped with herbs.",Italian,True,20
spicy-cauliflower-burger,Spicy cauliflower burger,"A toasted bun with a fiery chili roasted cauliflower patty, pickles and crunchy lettuce.",American,True,25
smoky-cauliflower-burger,Smoky cauliflower burger,"A toasted bun with a smoky paprika roasted cauliflower patty, pickles and crunchy lettuce.",American,True,20
lemon-garlic-cauliflower-burger,Lemon garlic cauliflower burger,"A toasted bun with a bright lemon and garlic roasted cauliflower patty, pickles and crunchy lettuce.",American,True,20
honey-ginger-cauliflower-burger,Honey ginger cauliflower burger,"A toasted bun with a sweet honey and ginger roasted cauliflower patty, pickles and crunchy lettuce.",American,True,30
herby-cauliflower-burger,Herby cauliflower burger,"A toasted bun with a fresh herb roasted cauliflower patty, pickles and crunchy lettuce.",American,True,25
smoky-cauliflower-skewers,Smoky cauliflower skewers,"Roasted cauliflower threaded on skewers, grilled over high heat and brushed with a smoky paprika glaze.",Greek,True,35
creamy-cauliflower-skewers,Creamy cauliflower skewers,"Roasted cauliflower threaded on skewers, grilled over high heat and brushed with a rich, creamy glaze.",Greek,True,40
honey-ginger-cauliflower-skewers,Honey ginger cauliflower skewers,"Roasted cauliflower threaded on skewers, grilled over high heat and brushed with a sweet honey and ginger glaze.",Greek,True,25
herby-cauliflower-skewers,Herby cauliflower skewers,"Roasted cauliflower threaded on skewers, grilled over high heat and brushed with a fresh herb glaze.",Greek,True,40
spicy-cauliflower-stew,Spicy cauliflower stew,"Roasted cauliflower braised slowly with carrots, potatoes and a fiery chili gravy until thick.",British,True,130
smoky-cauliflower-stew,Smoky cauliflower stew,"Roasted cauliflower braised slowly with carrots, potatoes and a smoky paprika gravy until thick.",British,True,115
lemon-garlic-cauliflower-stew,Lemon garlic cauliflower stew,"Roasted cauliflower braised slowly with carrots, potatoes and a bright lemon and garlic gravy until thick.",British,True,110
creamy-cauliflower-stew,Creamy cauliflower stew,"Roasted cauliflower braised slowly with carrots, potatoes and a rich, creamy gravy until thick.",British,True,120
herby-cauliflower-stew,Herby cauliflower stew,"Roasted cauliflower braised slowly with carrots, potatoes and a fresh herb gravy until thick.",British,True,130
spicy-cauliflower-noodle-bowl,Spicy cauliflower noodle bowl,"Noodles in a steaming broth with roasted cauliflower, spring onions and a fiery chili kick.",Japanese,True,25
smoky-cauliflower-noodle-bowl,Smoky cauliflower noodle bowl,"Noodles in a steaming broth with roasted cauliflower, spring onions and a smoky paprika kick.",Japanese,True,40
lemon-garlic-cauliflower-noodle-bowl,Lemon garlic cauliflower noodle bowl,"Noodles in a steaming broth with roasted cauliflower, spring onions and a bright lemon and garlic kick.",Japanese,True,30
honey-ginger-cauliflower-noodle-bowl,Honey ginger cauliflower noodle bowl,"Noodles in a steaming broth with roasted cauliflower, spring onions and a sweet honey and ginger kick.",Japanese,True,30
herby-cauliflower-noodle-bowl,Herby cauliflower noodle bowl,"Noodles in a steaming broth with roasted cauliflower, spring onions and a fresh herb kick.",Japanese,True,20
spicy-cauliflower-wrap,Spicy cauliflower wrap,"Warm flatbread rolled around roasted cauliflower, hummus, salad and a fiery chili sauce.",Middle Eastern,True,20
lemon-garlic-cauliflower-wrap,Lemon garlic cauliflower wrap,"Warm flatbread rolled around roasted cauliflower, hummus, salad and a bright lemon and garlic sauce.",Middle Eastern,True,25
creamy-cauliflower-wrap,Creamy cauliflower wrap,"Warm flatbread rolled around roasted cauliflower, hummus, salad and a rich, creamy sauce.",Middle Eastern,True,25
honey-ginger-cauliflower-wrap,Honey ginger cauliflower wrap,"Warm flatbread rolled around roasted cauliflower, hummus, salad and a sweet honey and ginger sauce.",Middle Eastern,True,25
herby-cauliflower-wrap,Herby cauliflower wrap,"Warm flatbread rolled around roasted cauliflower, hummus, salad and a fresh herb sauce.",Middle Eastern,True,30
smoky-cauliflower-traybake,Smoky cauliflower traybake,Roasted cauliflower and vegetables roasted together on one tray with a smoky paprika seasoning.,British,True,50
lemon-garlic-cauliflower-traybake,Lemon garlic cauliflower traybake,Roasted cauliflower and vegetables roasted together on one tray with a bright lemon and garlic seasoning.,British,True,60
creamy-cauliflower-traybake,Creamy cauliflower traybake,"Roasted cauliflower and vegetables roasted together on one tray with a rich, creamy seasoning.",British,True,50
honey-ginger-cauliflower-traybake,Honey ginger cauliflower traybake,Roasted cauliflower and vegetables roasted together on one tray with a sweet honey and ginger seasoning.,British,True,50
spicy-cauliflower-fried-rice,Spicy cauliflower fried rice,"Day-old rice fried with egg, peas and roasted cauliflower in a fiery chili sauce.",Chinese,True,10
smoky-cauliflower-fried-rice,Smoky cauliflower fried rice,"Day-old rice fried with egg, peas and roasted cauliflower in a smoky paprika sauce.",Chinese,True,15
lemon-garlic-cauliflower-fried-rice,Lemon garlic cauliflower fried rice,"Day-old rice fried with egg, peas and roasted cauliflower in a bright lemon and garlic sauce.",Chinese,True,20
honey-ginger-cauliflower-fried-rice,Honey ginger cauliflower fried rice,"Day-old rice fried with egg, peas and roasted cauliflower in a sweet honey and ginger sauce.",Chinese,True,15
herby-cauliflower-fried-rice,Herby cauliflower fried rice,"Day-old rice fried with egg, peas and roasted cauliflower in a fresh herb sauce.",Chinese,True,25
spicy-cauliflower-pie,Spicy cauliflower pie,"Roasted cauliflower in a fiery chili filling under a golden, flaky pastry lid.",British,True,75
smoky-cauliflower-pie,Smoky cauliflower pie,"Roasted cauliflower in a smoky paprika filling under a golden, flaky pastry lid.",British,True,80
honey-ginger-cauliflower-pie,Honey ginger cauliflower pie,"Roasted cauliflower in a sweet honey and ginger filling under a golden, flaky pastry lid.",British,True,75
herby-cauliflower-pie,Herby cauliflower pie,"Roasted cauliflower in a fresh herb filling under a golden, flaky pastry lid.",British,True,70
spicy-cauliflower-green-curry,Spicy cauliflower green curry,Roasted cauliflower cooked in coconut milk with green curry paste and a fiery chili edge.,Thai,True,45
smoky-cauliflower-green-curry,Smoky cauliflower green curry,Roasted cauliflower cooked in coconut milk with green curry paste and a smoky paprika edge.,Thai,True,25
lemon-garlic-cauliflower-green-curry,Lemon garlic cauliflower green curry,Roasted cauliflower cooked in coconut milk with green curry paste and a bright lemon and garlic edge.,Thai,True,40
creamy-cauliflower-green-curry,Creamy cauliflower green curry,"Roasted cauliflower cooked in coconut milk with green curry paste and a rich, creamy edge.",Thai,True,35
herby-cauliflower-green-curry,Herby cauliflower green curry,Roasted cauliflower cooked in coconut milk with green curry paste and a fresh herb edge.,Thai,True,25
spicy-cauliflower-enchiladas,Spicy cauliflower enchiladas,"Tortillas rolled around roasted cauliflower, covered with a fiery chili sauce and cheese, then baked.",Mexican,True,55
smoky-cauliflower-enchiladas,Smoky cauliflower enchiladas,"Tortillas rolled around roasted cauliflower, covered with a smoky paprika sauce and cheese, then baked.",Mexican,True,55
lemon-garlic-cauliflower-enchiladas,Lemon garlic cauliflower enchiladas,"Tortillas rolled around roasted cauliflower, covered with a bright lemon and garlic sauce and cheese, then baked.",Mexican,True,45
creamy-cauliflower-enchiladas,Creamy cauliflower enchiladas,"Tortillas rolled around roasted cauliflower, covered with a rich, creamy sauce and cheese, then baked.",Mexican,True,40
honey-ginger-cauliflower-enchiladas,Honey ginger cauliflower enchiladas,"Tortillas rolled around roasted cauliflower, covered with a sweet honey and ginger sauce and cheese, then baked.",Mexican,True,55
herby-cauliflower-enchiladas,Herby cauliflower enchiladas,"Tortillas rolled around roasted cauliflower, covered with a fresh herb sauce and cheese, then baked.",Mexican,True,50
spicy-cauliflower-flatbread,Spicy cauliflower flatbread,"Crisp flatbread topped with roasted cauliflower, yogurt and a fiery chili drizzle.",Middle Eastern,True,35
lemon-garlic-cauliflower-flatbread,Lemon garlic cauliflower flatbread,"Crisp flatbread topped with roasted cauliflower, yogurt and a bright lemon and garlic drizzle.",Middle Eastern,True,25
creamy-cauliflower-flatbread,Creamy cauliflower flatbread,"Crisp flatbread topped with roasted cauliflower, yogurt and a rich, creamy drizzle.",Middle Eastern,True,15
honey-ginger-cauliflower-flatbread,Honey ginger cauliflower flatbread,"Crisp flatbread topped with roasted cauliflower, yogurt and a sweet honey and ginger drizzle.",Middle Eastern,True,20
herby-cauliflower-flatbread,Herby cauliflower flatbread,"Crisp flatbread topped with roasted cauliflower, yogurt and a fresh herb drizzle.",Middle Eastern,True,35
spicy-sweet-potato-curry,Spicy sweet potato curry,"Sweet potato simmered in a fiery chili curry sauce with onion, ginger and garam masala, served with rice.",Indian,True,50
creamy-sweet-potato-curry,Creamy sweet potato curry,"Sweet potato simmered in a rich, creamy curry sauce with onion, ginger and garam masala, served with rice.",Indian,True,40
honey-ginger-sweet-potato-curry,Honey ginger sweet potato curry,"Sweet potato simmered in a sweet honey and ginger curry sauce with onion, ginger and garam masala, served with rice.",Indian,True,45
herby-sweet-potato-curry,Herby sweet potato curry,"Sweet potato simmered in a fresh herb curry sauce with onion, ginger and garam masala, served with rice.",Indian,True,35
smoky-sweet-potato-tacos,Smoky sweet potato tacos,"Soft tortillas filled with smoky paprika sweet potato, salsa, lime and shredded cabbage.",Mexican,True,20
creamy-sweet-potato-tacos,Creamy sweet potato tacos,"Soft tortillas filled with rich, creamy sweet potato, salsa, lime and shredded cabbage.",Mexican,True,30
honey-ginger-sweet-potato-tacos,Honey ginger sweet potato tacos,"Soft tortillas filled with sweet honey and ginger sweet potato, salsa, lime and shredded cabbage.",Mexican,True,25
herby-sweet-potato-tacos,Herby sweet potato tacos,"Soft tortillas filled with fresh herb sweet potato, salsa, lime and shredded cabbage.",Mexican,True,25
lemon-garlic-sweet-potato-stir-fry,Lemon garlic sweet potato stir-fry,"Sweet potato tossed in a hot wok with vegetables and a bright lemon and garlic sauce, served over noodles.",Chinese,True,20
herby-sweet-potato-stir-fry,Herby sweet potato stir-fry,"Sweet potato tossed in a hot wok with vegetables and a fresh herb sauce, served over noodles.",Chinese,True,15
spicy-sweet-potato-risotto,Spicy sweet potato risotto,"Creamy arborio rice stirred slowly with sweet potato, parmesan and a fiery chili finish.",Italian,True,40
smoky-sweet-potato-risotto,Smoky sweet potato risotto,"Creamy arborio rice stirred slowly with sweet potato, parmesan and a smoky paprika finish.",Italian,True,35
lemon-garlic-sweet-potato-risotto,Lemon garlic sweet potato risotto,"Creamy arborio rice stirred slowly with sweet potato, parmesan and a bright lemon and garlic finish.",Italian,True,35
creamy-sweet-potato-risotto,Creamy sweet potato risotto,"Creamy arborio rice stirred slowly with sweet potato, parmesan and a rich, creamy finish.",Italian,True,50
honey-ginger-sweet-potato-risotto,Honey ginger sweet potato risotto,"Creamy arborio rice stirred slowly with sweet potato, parmesan and a sweet honey and ginger finish.",Italian,True,50
herby-sweet-potato-risotto,Herby sweet potato risotto,"Creamy arborio rice stirred slowly with sweet potato, parmesan and a fresh herb finish.",Italian,True,55
spicy-sweet-potato-salad,Spicy sweet potato salad,"A fresh bowl of leaves, cucumber and sweet potato with a fiery chili dressing.",Mediterranean,True,25
smoky-sweet-potato-salad,Smoky sweet potato salad,"A fresh bowl of leaves, cucumber and sweet potato with a smoky paprika dressing.",Mediterranean,True,15
creamy-sweet-potato-salad,Creamy sweet potato salad,"A fresh bowl of leaves, cucumber and sweet potato with a rich, creamy dressing.",Mediterranean,True,10
honey-ginger-sweet-potato-salad,Honey ginger sweet potato salad,"A fresh bowl of leaves, cucumber and sweet potato with a sweet honey and ginger dressing.",Mediterranean,True,20
spicy-sweet-potato-soup,Spicy sweet potato soup,"A warming pot of sweet potato and root vegetables in a fiery chili broth, served hot.",French,True,60
smoky-sweet-potato-soup,Smoky sweet potato soup,"A warming pot of sweet potato and root vegetables in a smoky paprika broth, served hot.",French,True,60
lemon-garlic-sweet-potato-soup,Lemon garlic sweet potato soup,"A warming pot of sweet potato and root vegetables in a bright lemon and garlic broth, served hot.",French,True,55
creamy-sweet-potato-soup,Creamy sweet potato soup,"A warming pot of sweet potato and root vegetables in a rich, creamy broth, served hot.",French,True,55
honey-ginger-sweet-potato-soup,Honey ginger sweet potato soup,"A warming pot of sweet potato and root vegetables in a sweet honey and ginger broth, served hot.",French,True,50
spicy-sweet-potato-pasta,Spicy sweet potato pasta,"Pasta tossed with sweet potato, garlic and a fiery chili sauce, topped with herbs.",Italian,True,20
smoky-sweet-potato-pasta,Smoky sweet potato pasta,"Pasta tossed with sweet potato, garlic and a smoky paprika sauce, topped with herbs.",Italian,True,20
lemon-garlic-sweet-potato-pasta,Lemon garlic sweet potato pasta,"Pasta tossed with sweet potato, garlic and a bright lemon and garlic sauce, topped with herbs.",Italian,True,20
creamy-sweet-potato-pasta,Creamy sweet potato pasta,"Pasta tossed with sweet potato, garlic and a rich, creamy sauce, topped with herbs.",Italian,True,30
honey-ginger-sweet-potato-pasta,Honey ginger sweet potato pasta,"Pasta tossed with sweet potato, garlic and a sweet honey and ginger sauce, topped with herbs.",Italian,True,35
herby-sweet-potato-pasta,Herby sweet potato pasta,"Pasta tossed with sweet potato, garlic and a fresh herb sauce, topped with herbs.",Italian,True,20
spicy-sweet-potato-burger,Spicy sweet potato burger,"A toasted bun with a fiery chili sweet potato patty, pickles and crunchy lettuce.",American,True,40
smoky-sweet-potato-burger,Smoky sweet potato burger,"A toasted bun with a smoky paprika sweet potato patty, pickles and crunchy lettuce.",American,True,30
lemon-garlic-sweet-potato-burger,Lemon garlic sweet potato burger,"A toasted bun with a bright lemon and garlic sweet potato patty, pickles and crunchy lettuce.",American,True,40
creamy-sweet-potato-burger,Creamy sweet potato burger,"A toasted bun with a rich, creamy sweet potato patty, pickles and crunchy lettuce.",American,True,20
honey-ginger-sweet-potato-burger,Honey ginger sweet potato burger,"A toasted bun with a sweet honey and ginger sweet potato patty, pickles and crunchy lettuce.",American,True,20
herby-sweet-potato-burger,Herby sweet potato burger,"A toasted bun with a fresh herb sweet potato patty, pickles and crunchy lettuce.",American,True,25
spicy-sweet-potato-skewers,Spicy sweet potato skewers,"Sweet potato threaded on skewers, grilled over high heat and brushed with a fiery chili glaze.",Greek,True,35
smoky-sweet-potato-skewers,Smoky sweet potato skewers,"Sweet potato threaded on skewers, grilled over high heat and brushed with a smoky paprika glaze.",Greek,True,45
lemon-garlic-sweet-potato-skewers,Lemon garlic sweet potato skewers,"Sweet potato threaded on skewers, grilled over high heat and brushed with a bright lemon and garlic glaze.",Greek,True,45
creamy-sweet-potato-skewers,Creamy sweet potato skewers,"Sweet potato threaded on skewers, grilled over high heat and brushed with a rich, creamy glaze.",Greek,True,25
honey-ginger-sweet-potato-skewers,Honey ginger sweet potato skewers,"Sweet potato threaded on skewers, grilled over high heat and brushed with a sweet honey and ginger glaze.",Greek,True,45
herby-sweet-potato-skewers,Herby sweet potato skewers,"Sweet potato threaded on skewers, grilled over high heat and brushed with a fresh herb glaze.",Greek,True,40
spicy-sweet-potato-stew,Spicy sweet potato stew,"Sweet potato braised slowly with carrots, potatoes and a fiery chili gravy until thick.",British,True,120
smoky-sweet-potato-stew,Smoky sweet potato stew,"Sweet potato braised slowly with carrots, potatoes and a smoky paprika gravy until thick.",British,True,115
lemon-garlic-sweet-potato-stew,Lemon garlic sweet potato stew,"Sweet potato braised slowly with carrots, potatoes and a bright lemon and garlic gravy until thick.",British,True,125
creamy-sweet-potato-stew,Creamy sweet potato stew,"Sweet potato braised slowly with carrots, potatoes and a rich, creamy gravy until thick.",British,True,120
honey-ginger-sweet-potato-stew,Honey ginger sweet potato stew,"Sweet potato braised slowly with carrots, potatoes and a sweet honey and ginger gravy until thick.",British,True,115
herby-sweet-potato-stew,Herby sweet potato stew,"Sweet potato braised slowly with carrots, potatoes and a fresh herb gravy until thick.",British,True,130
smoky-sweet-potato-noodle-bowl,Smoky sweet potato noodle bowl,"Noodles in a steaming broth with sweet potato, spring onions and a smoky paprika kick.",Japanese,True,35
lemon-garlic-sweet-potato-noodle-bowl,Lemon garlic sweet potato noodle bowl,"Noodles in a steaming broth with sweet potato, spring onions and a bright lemon and garlic kick.",Japanese,True,30
creamy-sweet-potato-noodle-bowl,Creamy sweet potato noodle bowl,"Noodles in a steaming broth with sweet potato, spring onions and a rich, creamy kick.",Japanese,True,25
honey-ginger-sweet-potato-noodle-bowl,Honey ginger sweet potato noodle bowl,"Noodles in a steaming broth with sweet potato, spring onions and a sweet honey and ginger kick.",Japanese,True,35
herby-sweet-potato-noodle-bowl,Herby sweet potato noodle bowl,"Noodles in a steaming broth with sweet potato, spring onions and a fresh herb kick.",Japanese,True,25
spicy-sweet-potato-wrap,Spicy sweet potato wrap,"Warm flatbread rolled around sweet potato, hummus, salad and a fiery chili sauce.",Middle Eastern,True,10
lemon-garlic-sweet-potato-wrap,Lemon garlic sweet potato wrap,"Warm flatbread rolled around sweet potato, hummus, salad and a bright lemon and garlic sauce.",Middle Eastern,True,10
creamy-sweet-potato-wrap,Creamy sweet potato wrap,"Warm flatbread rolled around sweet potato, hummus, salad and a rich, creamy sauce.",Middle Eastern,True,20
herby-sweet-potato-wrap,Herby sweet potato wrap,"Warm flatbread rolled around sweet potato, hummus, salad and a fresh herb sauce.",Middle Eastern,True,20
spicy-sweet-potato-traybake,Spicy sweet potato traybake,Sweet potato and vegetables roasted together on one tray with a fiery chili seasoning.,British,True,65
smoky-sweet-potato-traybake,Smoky sweet potato traybake,Sweet potato and vegetables roasted together on one tray with a smoky paprika seasoning.,British,True,50
lemon-garlic-sweet-potato-traybake,Lemon garlic sweet potato traybake,Sweet potato and vegetables roasted together on one tray with a bright lemon and garlic seasoning.,British,True,65
creamy-sweet-potato-traybake,Creamy sweet potato traybake,"Sweet potato and vegetables roasted together on one tray with a rich, creamy seasoning.",British,True,50
honey-ginger-sweet-potato-traybake,Honey ginger sweet potato traybake,Sweet potato and vegetables roasted together on one tray with a sweet honey and ginger seasoning.,British,True,65
herby-sweet-potato-traybake,Herby sweet potato traybake,Sweet potato and vegetables roasted together on one tray with a fresh herb seasoning.,British,True,60
spicy-sweet-potato-fried-rice,Spicy sweet potato fried rice,"Day-old rice fried with egg, peas and sweet potato in a fiery chili sauce.",Chinese,True,10
lemon-garlic-sweet-potato-fried-rice,Lemon garlic sweet potato fried rice,"Day-old rice fried with egg, peas and sweet potato in a bright lemon and garlic sauce.",Chinese,True,30
creamy-sweet-potato-fried-rice,Creamy sweet potato fried rice,"Day-old rice fried with egg, peas and sweet potato in a rich, creamy sauce.",Chinese,True,15
honey-ginger-sweet-potato-fried-rice,Honey ginger sweet potato fried rice,"Day-old rice fried with egg, peas and sweet potato in a sweet honey and ginger sauce.",Chinese,True,30
herby-sweet-potato-fried-rice,Herby sweet potato fried rice,"Day-old rice fried with egg, peas and sweet potato in a fresh herb sauce.",Chinese,True,15
spicy-sweet-potato-pie,Spicy sweet potato pie,"Sweet potato in a fiery chili filling under a golden, flaky pastry lid.",British,True,75
smoky-sweet-potato-pie,Smoky sweet potato pie,"Sweet potato in a smoky paprika filling under a golden, flaky pastry lid.",British,True,80
lemon-garlic-sweet-potato-pie,Lemon garlic sweet potato pie,"Sweet potato in a bright lemon and garlic filling under a golden, flaky pastry lid.",British,True,80
honey-ginger-sweet-potato-pie,Honey ginger sweet potato pie,"Sweet potato in a sweet honey and ginger filling under a golden, flaky pastry lid.",British,True,70
herby-sweet-potato-pie,Herby sweet potato pie,"Sweet potato in a fresh herb filling under a golden, flaky pastry lid.",British,True,65
spicy-sweet-potato-green-curry,Spicy sweet potato green curry,Sweet potato cooked in coconut milk with green curry paste and a fiery chili edge.,Thai,True,40
smoky-sweet-potato-green-curry,Smoky sweet potato green curry,Sweet potato cooked in coconut milk with green curry paste and a smoky paprika edge.,Thai,True,45
lemon-garlic-sweet-potato-green-curry,Lemon garlic sweet potato green curry,Sweet potato cooked in coconut milk with green curry paste and a bright lemon and garlic edge.,Thai,True,25
creamy-sweet-potato-green-curry,Creamy sweet potato green curry,"Sweet potato cooked in coconut milk with green curry paste and a rich, creamy edge.",Thai,True,40
honey-ginger-sweet-potato-green-curry,Honey ginger sweet potato green curry,Sweet potato cooked in coconut milk with green curry paste and a sweet honey and ginger edge.,Thai,True,30
herby-sweet-potato-green-curry,Herby sweet potato green curry,Sweet potato cooked in coconut milk with green curry paste and a fresh herb edge.,Thai,True,40
spicy-sweet-potato-enchiladas,Spicy sweet potato enchiladas,"Tortillas rolled around sweet potato, covered with a fiery chili sauce and cheese, then baked.",Mexican,True,40
smoky-sweet-potato-enchiladas,Smoky sweet potato enchiladas,"Tortillas rolled around sweet potato, covered with a smoky paprika sauce and cheese, then baked.",Mexican,True,40
lemon-garlic-sweet-potato-enchiladas,Lemon garlic sweet potato enchiladas,"Tortillas rolled around sweet potato, covered with a bright lemon and garlic sauce and cheese, then baked.",Mexican,True,40
creamy-sweet-potato-enchiladas,Creamy sweet potato enchiladas,"Tortillas rolled around sweet potato, covered with a rich, creamy sauce and cheese, then baked.",Mexican,True,60
herby-sweet-potato-enchiladas,Herby sweet potato enchiladas,"Tortillas rolled around sweet potato, covered with a fresh herb sauce and cheese, then baked.",Mexican,True,50
spicy-sweet-potato-flatbread,Spicy sweet potato flatbread,"Crisp flatbread topped with sweet potato, yogurt and a fiery chili drizzle.",Middle Eastern,True,20
smoky-sweet-potato-flatbread,Smoky sweet potato flatbread,"Crisp flatbread topped with sweet potato, yogurt and a smoky paprika drizzle.",Middle Eastern,True,30
lemon-garlic-sweet-potato-flatbread,Lemon garlic sweet potato flatbread,"Crisp flatbread topped with sweet potato, yogurt and a bright lemon and garlic drizzle.",Middle Eastern,True,25
creamy-sweet-potato-flatbread,Creamy sweet potato flatbread,"Crisp flatbread topped with sweet potato, yogurt and a rich, creamy drizzle.",Middle Eastern,True,20
honey-ginger-sweet-potato-flatbread,Honey ginger sweet potato flatbread,"Crisp flatbread topped with sweet potato, yogurt and a sweet honey and ginger drizzle.",Middle Eastern,True,35
herby-sweet-potato-flatbread,Herby sweet potato flatbread,"Crisp flatbread topped with sweet potato, yogurt and a fresh herb drizzle.",Middle Eastern,True,25
spicy-eggplant-curry,Spicy eggplant curry,"Eggplant simmered in a fiery chili curry sauce with onion, ginger and garam masala, served with rice.",Indian,True,45
smoky-eggplant-curry,Smoky eggplant curry,"Eggplant simmered in a smoky paprika curry sauce with onion, ginger and garam masala, served with rice.",Indian,True,30
lemon-garlic-eggplant-curry,Lemon garlic eggplant curry,"Eggplant simmered in a bright lemon and garlic curry sauce with onion, ginger and garam masala, served with rice.",Indian,True,30
creamy-eggplant-curry,Creamy eggplant curry,"Eggplant simmered in a rich, creamy curry sauce with onion, ginger and garam masala, served with rice.",Indian,True,40
honey-ginger-eggplant-curry,Honey ginger eggplant curry,"Eggplant simmered in a sweet honey and ginger curry sauce with onion, ginger and garam masala, served with rice.",Indian,True,45
herby-eggplant-curry,Herby eggplant curry,"Eggplant simmered in a fresh herb curry sauce with onion, ginger and garam masala, served with rice.",Indian,True,30
spicy-eggplant-tacos,Spicy eggplant tacos,"Soft tortillas filled with fiery chili eggplant, salsa, lime and shredded cabbage.",Mexican,True,25
smoky-eggplant-tacos,Smoky eggplant tacos,"Soft tortillas filled with smoky paprika eggplant, salsa, lime and shredded cabbage.",Mexican,True,20
lemon-garlic-eggplant-tacos,Lemon garlic eggplant tacos,"Soft tortillas filled with bright lemon and garlic eggplant, salsa, lime and shredded cabbage.",Mexican,True,15
creamy-eggplant-tacos,Creamy eggplant tacos,"Soft tortillas filled with rich, creamy eggplant, salsa, lime and shredded cabbage.",Mexican,True,25
herby-eggplant-tacos,Herby eggplant tacos,"Soft tortillas filled with fresh herb eggplant, salsa, lime and shredded cabbage.",Mexican,True,15
spicy-eggplant-stir-fry,Spicy eggplant stir-fry,"Eggplant tossed in a hot wok with vegetables and a fiery chili sauce, served over noodles.",Chinese,True,20
smoky-eggplant-stir-fry,Smoky eggplant stir-fry,"Eggplant tossed in a hot wok with vegetables and a smoky paprika sauce, served over noodles.",Chinese,True,20
lemon-garlic-eggplant-stir-fry,Lemon garlic eggplant stir-fry,"Eggplant tossed in a hot wok with vegetables and a bright lemon and garlic sauce, served over noodles.",Chinese,True,10
creamy-eggplant-stir-fry,Creamy eggplant stir-fry,"Eggplant tossed in a hot wok with vegetables and a rich, creamy sauce, served over noodles.",Chinese,True,20
honey-ginger-eggplant-stir-fry,Honey ginger eggplant stir-fry,"Eggplant tossed in a hot wok with vegetables and a sweet honey and ginger sauce, served over noodles.",Chinese,True,25
spicy-eggplant-risotto,Spicy eggplant risotto,"Creamy arborio rice stirred slowly with eggplant, parmesan and a fiery chili finish.",Italian,True,40
smoky-eggplant-risotto,Smoky eggplant risotto,"Creamy arborio rice stirred slowly with eggplant, parmesan and a smoky paprika finish.",Italian,True,40
creamy-eggplant-risotto,Creamy eggplant risotto,"Creamy arborio rice stirred slowly with eggplant, parmesan and a rich, creamy finish.",Italian,True,35
honey-ginger-eggplant-risotto,Honey ginger eggplant risotto,"Creamy arborio rice stirred slowly with eggplant, parmesan and a sweet honey and ginger finish.",Italian,True,55
herby-eggplant-risotto,Herby eggplant risotto,"Creamy arborio rice stirred slowly with eggplant, parmesan and a fresh herb finish.",Italian,True,40
smoky-eggplant-salad,Smoky eggplant salad,"A fresh bowl of leaves, cucumber and eggplant with a smoky paprika dressing.",Mediterranean,True,10
lemon-garlic-eggplant-salad,Lemon garlic eggplant salad,"A fresh bowl of leaves, cucumber and eggplant with a bright lemon and garlic dressing.",Mediterranean,True,25
creamy-eggplant-salad,Creamy eggplant salad,"A fresh bowl of leaves, cucumber and eggplant with a rich, creamy dressing.",Mediterranean,True,15
honey-ginger-eggplant-salad,Honey ginger eggplant salad,"A fresh bowl of leaves, cucumber and eggplant with a sweet honey and ginger dressing.",Mediterranean,True,5
herby-eggplant-salad,Herby eggplant salad,"A fresh bowl of leaves, cucumber and eggplant with a fresh herb dressing.",Mediterranean,True,15
spicy-eggplant-soup,Spicy eggplant soup,"A warming pot of eggplant and root vegetables in a fiery chili broth, served hot.",French,True,50
smoky-eggplant-soup,Smoky eggplant soup,"A warming pot of eggplant and root vegetables in a smoky paprika broth, served hot.",French,True,60
creamy-eggplant-soup,Creamy eggplant soup,"A warming pot of eggplant and root vegetables in a rich, creamy broth, served hot.",French,True,50
herby-eggplant-soup,Herby eggplant soup,"A warming pot of eggplant and root vegetables in a fresh herb broth, served hot.",French,True,45
spicy-eggplant-pasta,Spicy eggplant pasta,"Pasta tossed with eggplant, garlic and a fiery chili sauce, topped with herbs.",Italian,True,20
creamy-eggplant-pasta,Creamy eggplant pasta,"Pasta tossed with eggplant, garlic and a rich, creamy sauce, topped with herbs.",Italian,True,15
honey-ginger-eggplant-pasta,Honey ginger eggplant pasta,"Pasta tossed with eggplant, garlic and a sweet honey and ginger sauce, topped with herbs.",Italian,True,25
herby-eggplant-pasta,Herby eggplant pasta,"Pasta tossed with eggplant, garlic and a fresh herb sauce, topped with herbs.",Italian,True,20
spicy-eggplant-burger,Spicy eggplant burger,"A toasted bun with a fiery chili eggplant patty, pickles and crunchy lettuce.",American,True,40
smoky-eggplant-burger,Smoky eggplant burger,"A toasted bun with a smoky paprika eggplant patty, pickles and crunchy lettuce.",American,True,25
lemon-garlic-eggplant-burger,Lemon garlic eggplant burger,"A toasted bun with a bright lemon and garlic eggplant patty, pickles and crunchy lettuce.",American,True,35
creamy-eggplant-burger,Creamy eggplant burger,"A toasted bun with a rich, creamy eggplant patty, pickles and crunchy lettuce.",American,True,20
honey-ginger-eggplant-burger,Honey ginger eggplant burger,"A toasted bun with a sweet honey and ginger eggplant patty, pickles and crunchy lettuce.",American,True,40
herby-eggplant-burger,Herby eggplant burger,"A toasted bun with a fresh herb eggplant patty, pickles and crunchy lettuce.",American,True,25
spicy-eggplant-skewers,Spicy eggplant skewers,"Eggplant threaded on skewers, grilled over high heat and brushed with a fiery chili glaze.",Greek,True,40
smoky-eggplant-skewers,Smoky eggplant skewers,"Eggplant threaded on skewers, grilled over high heat and brushed with a smoky paprika glaze.",Greek,True,25
lemon-garlic-eggplant-skewers,Lemon garlic eggplant skewers,"Eggplant threaded on skewers, grilled over high heat and brushed with a bright lemon and garlic glaze.",Greek,True,45
creamy-eggplant-skewers,Creamy eggplant skewers,"Eggplant threaded on skewers, grilled over high heat and brushed with a rich, creamy glaze.",Greek,True,45
honey-ginger-eggplant-skewers,Honey ginger eggplant skewers,"Eggplant threaded on skewers, grilled over high heat and brushed with a sweet honey and ginger glaze.",Greek,True,25
herby-eggplant-skewers,Herby eggplant skewers,"Eggplant threaded on skewers, grilled over high heat and brushed with a fresh herb glaze.",Greek,True,35
spicy-eggplant-stew,Spicy eggplant stew,"Eggplant braised slowly with carrots, potatoes and a fiery chili gravy until thick.",British,True,130
smoky-eggplant-stew,Smoky eggplant stew,"Eggplant braised slowly with carrots, potatoes and a smoky paprika gravy until thick.",British,True,130
lemon-garlic-eggplant-stew,Lemon garlic eggplant stew,"Eggplant braised slowly with carrots, potatoes and a bright lemon and garlic gravy until thick.",British,True,130
creamy-eggplant-stew,Creamy eggplant stew,"Eggplant braised slowly with carrots, potatoes and a rich, creamy gravy until thick.",British,True,115
herby-eggplant-stew,Herby eggplant stew,"Eggplant braised slowly with carrots, potatoes and a fresh herb gravy until thick.",British,True,120
spicy-eggplant-noodle-bowl,Spicy eggplant noodle bowl,"Noodles in a steaming broth with eggplant, spring onions and a fiery chili kick.",Japanese,True,40
smoky-eggplant-noodle-bowl,Smoky eggplant noodle bowl,"Noodles in a steaming broth with eggplant, spring onions and a smoky paprika kick.",Japanese,True,35
lemon-garlic-eggplant-noodle-bowl,Lemon garlic eggplant noodle bowl,"Noodles in a steaming broth with eggplant, spring onions and a bright lemon and garlic kick.",Japanese,True,30
spicy-eggplant-wrap,Spicy eggplant wrap,"Warm flatbread rolled around eggplant, hummus, salad and a fiery chili sauce.",Middle Eastern,True,20
lemon-garlic-eggplant-wrap,Lemon garlic eggplant wrap,"Warm flatbread rolled around eggplant, hummus, salad and a bright lemon and garlic sauce.",Middle Eastern,True,15
herby-eggplant-wrap,Herby eggplant wrap,"Warm flatbread rolled around eggplant, hummus, salad and a fresh herb sauce.",Middle Eastern,True,20
smoky-eggplant-traybake,Smoky eggplant traybake,Eggplant and vegetables roasted together on one tray with a smoky paprika seasoning.,British,True,65
lemon-garlic-eggplant-traybake,Lemon garlic eggplant traybake,Eggplant and vegetables roasted together on one tray with a bright lemon and garlic seasoning.,British,True,60
honey-ginger-eggplant-traybake,Honey ginger eggplant traybake,Eggplant and vegetables roasted together on one tray with a sweet honey and ginger seasoning.,British,True,60
herby-eggplant-traybake,Herby eggplant traybake,Eggplant and vegetables roasted together on one tray with a fresh herb seasoning.,British,True,60
smoky-eggplant-fried-rice,Smoky eggplant fried rice,"Day-old rice fried with egg, peas and eggplant in a smoky paprika sauce.",Chinese,True,15
lemon-garlic-eggplant-fried-rice,Lemon garlic eggplant fried rice,"Day-old rice fried with egg, peas and eggplant in a bright lemon and garlic sauce.",Chinese,True,10
creamy-eggplant-fried-rice,Creamy eggplant fried rice,"Day-old rice fried with egg, peas and eggplant in a rich, creamy sauce.",Chinese,True,10
honey-ginger-eggplant-fried-rice,Honey ginger eggplant fried rice,"Day-old rice fried with egg, peas and eggplant in a sweet honey and ginger sauce.",Chinese,True,20
herby-eggplant-fried-rice,Herby eggplant fried rice,"Day-old rice fried with egg, peas and eggplant in a fresh herb sauce.",Chinese,True,10
spicy-eggplant-pie,Spicy eggplant pie,"Eggplant in a fiery chili filling under a golden, flaky pastry lid.",British,True,80
smoky-eggplant-pie,Smoky eggplant pie,"Eggplant in a smoky paprika filling under a golden, flaky pastry lid.",British,True,85
creamy-eggplant-pie,Creamy eggplant pie,"Eggplant in a rich, creamy filling under a golden, flaky pastry lid.",British,True,85
honey-ginger-eggplant-pie,Honey ginger eggplant pie,"Eggplant in a sweet honey and ginger filling under a golden, flaky pastry lid.",British,True,85
herby-eggplant-pie,Herby eggplant pie,"Eggplant in a fresh herb filling under a golden, flaky pastry lid.",British,True,75
spicy-eggplant-green-curry,Spicy eggplant green curry,Eggplant cooked in coconut milk with green curry paste and a fiery chili edge.,Thai,True,45
smoky-eggplant-green-curry,Smoky eggplant green curry,Eggplant cooked in coconut milk with green curry paste and a smoky paprika edge.,Thai,True,30
honey-ginger-eggplant-green-curry,Honey ginger eggplant green curry,Eggplant cooked in coconut milk with green curry paste and a sweet honey and ginger edge.,Thai,True,45
herby-eggplant-green-curry,Herby eggplant green curry,Eggplant cooked in coconut milk with green curry paste and a fresh herb edge.,Thai,True,25
spicy-eggplant-enchiladas,Spicy eggplant enchiladas,"Tortillas rolled around eggplant, covered with a fiery chili sauce and cheese, then baked.",Mexican,True,45
smoky-eggplant-enchiladas,Smoky eggplant enchiladas,"Tortillas rolled around eggplant, covered with a smoky paprika sauce and cheese, then baked.",Mexican,True,40
lemon-garlic-eggplant-enchiladas,Lemon garlic eggplant enchiladas,"Tortillas rolled around eggplant, covered with a bright lemon and garlic sauce and cheese, then baked.",Mexican,True,60
creamy-eggplant-enchiladas,Creamy eggplant enchiladas,"Tortillas rolled around eggplant, covered with a rich, creamy sauce and cheese, then baked.",Mexican,True,60
honey-ginger-eggplant-enchiladas,Honey ginger eggplant enchiladas,"Tortillas rolled around eggplant, covered with a sweet honey and ginger sauce and cheese, then baked.",Mexican,True,45
spicy-eggplant-flatbread,Spicy eggplant flatbread,"Crisp flatbread topped with eggplant, yogurt and a fiery chili drizzle.",Middle Eastern,True,15
smoky-eggplant-flatbread,Smoky eggplant flatbread,"Crisp flatbread topped with eggplant, yogurt and a smoky paprika drizzle.",Middle Eastern,True,25
lemon-garlic-eggplant-flatbread,Lemon garlic eggplant flatbread,"Crisp flatbread topped with eggplant, yogurt and a bright lemon and garlic drizzle.",Middle Eastern,True,25
creamy-eggplant-flatbread,Creamy eggplant flatbread,"Crisp flatbread topped with eggplant, yogurt and a rich, creamy drizzle.",Middle Eastern,True,20
honey-ginger-eggplant-flatbread,Honey ginger eggplant flatbread,"Crisp flatbread topped with eggplant, yogurt and a sweet honey and ginger drizzle.",Middle Eastern,True,20
herby-eggplant-flatbread,Herby eggplant flatbread,"Crisp flatbread topped with eggplant, yogurt and a fresh herb drizzle.",Middle Eastern,True,35
spicy-spinach-curry,Spicy spinach curry,"Spinach simmered in a fiery chili curry sauce with onion, ginger and garam masala, served with rice.",Indian,True,35
smoky-spinach-curry,Smoky spinach curry,"Spinach simmered in a smoky paprika curry sauce with onion, ginger and garam masala, served with rice.",Indian,True,50
lemon-garlic-spinach-curry,Lemon garlic spinach curry,"Spinach simmered in a bright lemon and garlic curry sauce with onion, ginger and garam masala, served with rice.",Indian,True,30
creamy-spinach-curry,Creamy spinach curry,"Spinach simmered in a rich, creamy curry sauce with onion, ginger and garam masala, served with rice.",Indian,True,40
honey-ginger-spinach-curry,Honey ginger spinach curry,"Spinach simmered in a sweet honey and ginger curry sauce with onion, ginger and garam masala, served with rice.",Indian,True,50
herby-spinach-curry,Herby spinach curry,"Spinach simmered in a fresh herb curry sauce with onion, ginger and garam masala, served with rice.",Indian,True,40
spicy-spinach-tacos,Spicy spinach tacos,"Soft tortillas filled with fiery chili spinach, salsa, lime and shredded cabbage.",Mexican,True,30
lemon-garlic-spinach-tacos,Lemon garlic spinach tacos,"Soft tortillas filled with bright lemon and garlic spinach, salsa, lime and shredded cabbage.",Mexican,True,30
creamy-spinach-tacos,Creamy spinach tacos,"Soft tortillas filled with rich, creamy spinach, salsa, lime and shredded cabbage.",Mexican,True,35
honey-ginger-spinach-tacos,Honey ginger spinach tacos,"Soft tortillas filled with sweet honey and ginger spinach, salsa, lime and shredded cabbage.",Mexican,True,30
herby-spinach-tacos,Herby spinach tacos,"Soft tortillas filled with fresh herb spinach, salsa, lime and shredded cabbage.",Mexican,True,20
spicy-spinach-stir-fry,Spicy spinach stir-fry,"Spinach tossed in a hot wok with vegetables and a fiery chili sauce, served over noodles.",Chinese,True,30
smoky-spinach-stir-fry,Smoky spinach stir-fry,"Spinach tossed in a hot wok with vegetables and a smoky paprika sauce, served over noodles.",Chinese,True,15
lemon-garlic-spinach-stir-fry,Lemon garlic spinach stir-fry,"Spinach tossed in a hot wok with vegetables and a bright lemon and garlic sauce, served over noodles.",Chinese,True,10
honey-ginger-spinach-stir-fry,Honey ginger spinach stir-fry,"Spinach tossed in a hot wok with vegetables and a sweet honey and ginger sauce, served over noodles.",Chinese,True,10
spicy-spinach-risotto,Spicy spinach risotto,"Creamy arborio rice stirred slowly with spinach, parmesan and a fiery chili finish.",Italian,True,35
smoky-spinach-risotto,Smoky spinach risotto,"Creamy arborio rice stirred slowly with spinach, parmesan and a smoky paprika finish.",Italian,True,55
lemon-garlic-spinach-risotto,Lemon garlic spinach risotto,"Creamy arborio rice stirred slowly with spinach, parmesan and a bright lemon and garlic finish.",Italian,True,35
creamy-spinach-risotto,Creamy spinach risotto,"Creamy arborio rice stirred slowly with spinach, parmesan and a rich, creamy finish.",Italian,True,40
honey-ginger-spinach-risotto,Honey ginger spinach risotto,"Creamy arborio rice stirred slowly with spinach, parmesan and a sweet honey and ginger finish.",Italian,True,50
herby-spinach-risotto,Herby spinach risotto,"Creamy arborio rice stirred slowly with spinach, parmesan and a fresh herb finish.",Italian,True,40
spicy-spinach-salad,Spicy spinach salad,"A fresh bowl of leaves, cucumber and spinach with a fiery chili dressing.",Mediterranean,True,15
smoky-spinach-salad,Smoky spinach salad,"A fresh bowl of leaves, cucumber and spinach with a smoky paprika dressing.",Mediterranean,True,10
lemon-garlic-spinach-salad,Lemon garlic spinach salad,"A fresh bowl of leaves, cucumber and spinach with a bright lemon and garlic dressing.",Mediterranean,True,5
creamy-spinach-salad,Creamy spinach salad,"A fresh bowl of leaves, cucumber and spinach with a rich, creamy dressing.",Mediterranean,True,20
honey-ginger-spinach-salad,Honey ginger spinach salad,"A fresh bowl of leaves, cucumber and spinach with a sweet honey and ginger dressing.",Mediterranean,True,15
herby-spinach-salad,Herby spinach salad,"A fresh bowl of leaves, cucumber and spinach with a fresh herb dressing.",Mediterranean,True,10
spicy-spinach-soup,Spicy spinach soup,"A warming pot of spinach and root vegetables in a fiery chili broth, served hot.",French,True,50
smoky-spinach-soup,Smoky spinach soup,"A warming pot of spinach and root vegetables in a smoky paprika broth, served hot.",French,True,60
lemon-garlic-spinach-soup,Lemon garlic spinach soup,"A warming pot of spinach and root vegetables in a bright lemon and garlic broth, served hot.",French,True,60
creamy-spinach-soup,Creamy spinach soup,"A warming pot of spinach and root vegetables in a rich, creamy broth, served hot.",French,True,45
honey-ginger-spinach-soup,Honey ginger spinach soup,"A warming pot of spinach and root vegetables in a sweet honey and ginger broth, served hot.",French,True,45
spicy-spinach-pasta,Spicy spinach pasta,"Pasta tossed with spinach, garlic and a fiery chili sauce, topped with herbs.",Italian,True,15
smoky-spinach-pasta,Smoky spinach pasta,"Pasta tossed with spinach, garlic and a smoky paprika sauce, topped with herbs.",Italian,True,15
lemon-garlic-spinach-pasta,Lemon garlic spinach pasta,"Pasta tossed with spinach, garlic and a bright lemon and garlic sauce, topped with herbs.",Italian,True,25
creamy-spinach-pasta,Creamy spinach pasta,"Pasta tossed with spinach, garlic and a rich, creamy sauce, topped with herbs.",Italian,True,15
honey-ginger-spinach-pasta,Honey ginger spinach pasta,"Pasta tossed with spinach, garlic and a sweet honey and ginger sauce, topped with herbs.",Italian,True,30
smoky-spinach-burger,Smoky spinach burger,"A toasted bun with a smoky paprika spinach patty, pickles and crunchy lettuce.",American,True,40
lemon-garlic-spinach-burger,Lemon garlic spinach burger,"A toasted bun with a bright lemon and garlic spinach patty, pickles and crunchy lettuce.",American,True,35
creamy-spinach-burger,Creamy spinach burger,"A toasted bun with a rich, creamy spinach patty, pickles and crunchy lettuce.",American,True,20
honey-ginger-spinach-burger,Honey ginger spinach burger,"A toasted bun with a sweet honey and ginger spinach patty, pickles and crunchy lettuce.",American,True,40
herby-spinach-burger,Herby spinach burger,"A toasted bun with a fresh herb spinach patty, pickles and crunchy lettuce.",American,True,40
spicy-spinach-skewers,Spicy spinach skewers,"Spinach threaded on skewers, grilled over high heat and brushed with a fiery chili glaze.",Greek,True,40
lemon-garlic-spinach-skewers,Lemon garlic spinach skewers,"Spinach threaded on skewers, grilled over high heat and brushed with a bright lemon and garlic glaze.",Greek,True,40
creamy-spinach-skewers,Creamy spinach skewers,"Spinach threaded on skewers, grilled over high heat and brushed with a rich, creamy glaze.",Greek,True,45
herby-spinach-skewers,Herby spinach skewers,"Spinach threaded on skewers, grilled over high heat and brushed with a fresh herb glaze.",Greek,True,25
smoky-spinach-stew,Smoky spinach stew,"Spinach braised slowly with carrots, potatoes and a smoky paprika gravy until thick.",British,True,115
lemon-garlic-spinach-stew,Lemon garlic spinach stew,"Spinach braised slowly with carrots, potatoes and a bright lemon and garlic gravy until thick.",British,True,115
herby-spinach-stew,Herby spinach stew,"Spinach braised slowly with carrots, potatoes and a fresh herb gravy until thick.",British,True,130
smoky-spinach-noodle-bowl,Smoky spinach noodle bowl,"Noodles in a steaming broth with spinach, spring onions and a smoky paprika kick.",Japanese,True,30
creamy-spinach-noodle-bowl,Creamy spinach noodle bowl,"Noodles in a steaming broth with spinach, spring onions and a rich, creamy kick.",Japanese,True,35
honey-ginger-spinach-noodle-bowl,Honey ginger spinach noodle bowl,"Noodles in a steaming broth with spinach, spring onions and a sweet honey and ginger kick.",Japanese,True,40
herby-spinach-noodle-bowl,Herby spinach noodle bowl,"Noodles in a steaming broth with spinach, spring onions and a fresh herb kick.",Japanese,True,20
spicy-spinach-wrap,Spicy spinach wrap,"Warm flatbread rolled around spinach, hummus, salad and a fiery chili sauce.",Middle Eastern,True,25
smoky-spinach-wrap,Smoky spinach wrap,"Warm flatbread rolled around spinach, hummus, salad and a smoky paprika sauce.",Middle Eastern,True,20
creamy-spinach-wrap,Creamy spinach wrap,"Warm flatbread rolled around spinach, hummus, salad and a rich, creamy sauce.",Middle Eastern,True,30
honey-ginger-spinach-wrap,Honey ginger spinach wrap,"Warm flatbread rolled around spinach, hummus, salad and a sweet honey and ginger sauce.",Middle Eastern,True,30
herby-spinach-wrap,Herby spinach wrap,"Warm flatbread rolled around spinach, hummus, salad and a fresh herb sauce.",Middle Eastern,True,10
smoky-spinach-traybake,Smoky spinach traybake,Spinach and vegetables roasted together on one tray with a smoky paprika seasoning.,British,True,60
lemon-garlic-spinach-traybake,Lemon garlic spinach traybake,Spinach and vegetables roasted together on one tray with a bright lemon and garlic seasoning.,British,True,60
honey-ginger-spinach-traybake,Honey ginger spinach traybake,Spinach and vegetables roasted together on one tray with a sweet honey and ginger seasoning.,British,True,50
herby-spinach-traybake,Herby spinach traybake,Spinach and vegetables roasted together on one tray with a fresh herb seasoning.,British,True,50
spicy-spinach-fried-rice,Spicy spinach fried rice,"Day-old rice fried with egg, peas and spinach in a fiery chili sauce.",Chinese,True,10
smoky-spinach-fried-rice,Smoky spinach fried rice,"Day-old rice fried with egg, peas and spinach in a smoky paprika sauce.",Chinese,True,10
lemon-garlic-spinach-fried-rice,Lemon garlic spinach fried rice,"Day-old rice fried with egg, peas and spinach in a bright lemon and garlic sauce.",Chinese,True,15
creamy-spinach-fried-rice,Creamy spinach fried rice,"Day-old rice fried with egg, peas and spinach in a rich, creamy sauce.",Chinese,True,15
honey-ginger-spinach-fried-rice,Honey ginger spinach fried rice,"Day-old rice fried with egg, peas and spinach in a sweet honey and ginger sauce.",Chinese,True,25
herby-spinach-fried-rice,Herby spinach fried rice,"Day-old rice fried with egg, peas and spinach in a fresh herb sauce.",Chinese,True,15
spicy-spinach-pie,Spicy spinach pie,"Spinach in a fiery chili filling under a golden, flaky pastry lid.",British,True,65
smoky-spinach-pie,Smoky spinach pie,"Spinach in a smoky paprika filling under a golden, flaky pastry lid.",British,True,70
lemon-garlic-spinach-pie,Lemon garlic spinach pie,"Spinach in a bright lemon and garlic filling under a golden, flaky pastry lid.",British,True,70
creamy-spinach-pie,Creamy spinach pie,"Spinach in a rich, creamy filling under a golden, flaky pastry lid.",British,True,65
honey-ginger-spinach-pie,Honey ginger spinach pie,"Spinach in a sweet honey and ginger filling under a golden, flaky pastry lid.",British,True,75
herby-spinach-pie,Herby spinach pie,"Spinach in a fresh herb filling under a golden, flaky pastry lid.",British,True,85
spicy-spinach-green-curry,Spicy spinach green curry,Spinach cooked in coconut milk with green curry paste and a fiery chili edge.,Thai,True,25
lemon-garlic-spinach-green-curry,Lemon garlic spinach green curry,Spinach cooked in coconut milk with green curry paste and a bright lemon and garlic edge.,Thai,True,25
creamy-spinach-green-curry,Creamy spinach green curry,"Spinach cooked in coconut milk with green curry paste and a rich, creamy edge.",Thai,True,45
honey-ginger-spinach-green-curry,Honey ginger spinach green curry,Spinach cooked in coconut milk with green curry paste and a sweet honey and ginger edge.,Thai,True,40
spicy-spinach-enchiladas,Spicy spinach enchiladas,"Tortillas rolled around spinach, covered with a fiery chili sauce and cheese, then baked.",Mexican,True,45
lemon-garlic-spinach-enchiladas,Lemon garlic spinach enchiladas,"Tortillas rolled around spinach, covered with a bright lemon and garlic sauce and cheese, then baked.",Mexican,True,55
creamy-spinach-enchiladas,Creamy spinach enchiladas,"Tortillas rolled around spinach, covered with a rich, creamy sauce and cheese, then baked.",Mexican,True,45
honey-ginger-spinach-enchiladas,Honey ginger spinach enchiladas,"Tortillas rolled around spinach, covered with a sweet honey and ginger sauce and cheese, then baked.",Mexican,True,60
herby-spinach-enchiladas,Herby spinach enchiladas,"Tortillas rolled around spinach, covered with a fresh herb sauce and cheese, then baked.",Mexican,True,60
smoky-spinach-flatbread,Smoky spinach flatbread,"Crisp flatbread topped with spinach, yogurt and a smoky paprika drizzle.",Middle Eastern,True,15
lemon-garlic-spinach-flatbread,Lemon garlic spinach flatbread,"Crisp flatbread topped with spinach, yogurt and a bright lemon and garlic drizzle.",Middle Eastern,True,15
honey-ginger-spinach-flatbread,Honey ginger spinach flatbread,"Crisp flatbread topped with spinach, yogurt and a sweet honey and ginger drizzle.",Middle Eastern,True,25
herby-spinach-flatbread,Herby spinach flatbread,"Crisp flatbread topped with spinach, yogurt and a fresh herb drizzle.",Middle Eastern,True,25
spicy-tempeh-curry,Spicy tempeh curry,"Tempeh simmered in a fiery chili curry sauce with onion, ginger and garam masala, served with rice.",Indian,True,45
smoky-tempeh-curry,Smoky tempeh curry,"Tempeh simmered in a smoky paprika curry sauce with onion, ginger and garam masala, served with rice.",Indian,True,45
lemon-garlic-tempeh-curry,Lemon garlic tempeh curry,"Tempeh simmered in a bright lemon and garlic curry sauce with onion, ginger and garam masala, served with rice.",Indian,True,50
creamy-tempeh-curry,Creamy tempeh curry,"Tempeh simmered in a rich, creamy curry sauce with onion, ginger and garam masala, served with rice.",Indian,True,30
honey-ginger-tempeh-curry,Honey ginger tempeh curry,"Tempeh simmered in a sweet honey and ginger curry sauce with onion, ginger and garam masala, served with rice.",Indian,True,30
herby-tempeh-curry,Herby tempeh curry,"Tempeh simmered in a fresh herb curry sauce with onion, ginger and garam masala, served with rice.",Indian,True,50
spicy-tempeh-tacos,Spicy tempeh tacos,"Soft tortillas filled with fiery chili tempeh, salsa, lime and shredded cabbage.",Mexican,True,20
smoky-tempeh-tacos,Smoky tempeh tacos,"Soft tortillas filled with smoky paprika tempeh, salsa, lime and shredded cabbage.",Mexican,True,30
lemon-garlic-tempeh-tacos,Lemon garlic tempeh tacos,"Soft tortillas filled with bright lemon and garlic tempeh, salsa, lime and shredded cabbage.",Mexican,True,15
creamy-tempeh-tacos,Creamy tempeh tacos,"Soft tortillas filled with rich, creamy tempeh, salsa, lime and shredded cabbage.",Mexican,True,25
honey-ginger-tempeh-tacos,Honey ginger tempeh tacos,"Soft tortillas filled with sweet honey and ginger tempeh, salsa, lime and shredded cabbage.",Mexican,True,15
herby-tempeh-tacos,Herby tempeh tacos,"Soft tortillas filled with fresh herb tempeh, salsa, lime and shredded cabbage.",Mexican,True,35
lemon-garlic-tempeh-stir-fry,Lemon garlic tempeh stir-fry,"Tempeh tossed in a hot wok with vegetables and a bright lemon and garlic sauce, served over noodles.",Chinese,True,15
creamy-tempeh-stir-fry,Creamy tempeh stir-fry,"Tempeh tossed in a hot wok with vegetables and a rich, creamy sauce, served over noodles.",Chinese,True,30
honey-ginger-tempeh-stir-fry,Honey ginger tempeh stir-fry,"Tempeh tossed in a hot wok with vegetables and a sweet honey and ginger sauce, served over noodles.",Chinese,True,15
herby-tempeh-stir-fry,Herby tempeh stir-fry,"Tempeh tossed in a hot wok with vegetables and a fresh herb sauce, served over noodles.",Chinese,True,10
spicy-tempeh-risotto,Spicy tempeh risotto,"Creamy arborio rice stirred slowly with tempeh, parmesan and a fiery chili finish.",Italian,True,45
smoky-tempeh-risotto,Smoky tempeh risotto,"Creamy arborio rice stirred slowly with tempeh, parmesan and a smoky paprika finish.",Italian,True,55
creamy-tempeh-risotto,Creamy tempeh risotto,"Creamy arborio rice stirred slowly with tempeh, parmesan and a rich, creamy finish.",Italian,True,45
honey-ginger-tempeh-risotto,Honey ginger tempeh risotto,"Creamy arborio rice stirred slowly with tempeh, parmesan and a sweet honey and ginger finish.",Italian,True,35
herby-tempeh-risotto,Herby tempeh risotto,"Creamy arborio rice stirred slowly with tempeh, parmesan and a fresh herb finish.",Italian,True,55
smoky-tempeh-salad,Smoky tempeh salad,"A fresh bowl of leaves, cucumber and tempeh with a smoky paprika dressing.",Mediterranean,True,10
lemon-garlic-tempeh-salad,Lemon garlic tempeh salad,"A fresh bowl of leaves, cucumber and tempeh with a bright lemon and garlic dressing.",Mediterranean,True,5
creamy-tempeh-salad,Creamy tempeh salad,"A fresh bowl of leaves, cucumber and tempeh with a rich, creamy dressing.",Mediterranean,True,10
honey-ginger-tempeh-salad,Honey ginger tempeh salad,"A fresh bowl of leaves, cucumber and tempeh with a sweet honey and ginger dressing.",Mediterranean,True,25
herby-tempeh-salad,Herby tempeh salad,"A fresh bowl of leaves, cucumber and tempeh with a fresh herb dressing.",Mediterranean,True,10
spicy-tempeh-soup,Spicy tempeh soup,"A warming pot of tempeh and root vegetables in a fiery chili broth, served hot.",French,True,40
smoky-tempeh-soup,Smoky tempeh soup,"A warming pot of tempeh and root vegetables in a smoky paprika broth, served hot.",French,True,60
lemon-garlic-tempeh-soup,Lemon garlic tempeh soup,"A warming pot of tempeh and root vegetables in a bright lemon and garlic broth, served hot.",French,True,40
creamy-tempeh-soup,Creamy tempeh soup,"A warming pot of tempeh and root vegetables in a rich, creamy broth, served hot.",French,True,50
honey-ginger-tempeh-soup,Honey ginger tempeh soup,"A warming pot of tempeh and root vegetables in a sweet honey and ginger broth, served hot.",French,True,55
herby-tempeh-soup,Herby tempeh soup,"A warming pot of tempeh and root vegetables in a fresh herb broth, served hot.",French,True,45
spicy-tempeh-pasta,Spicy tempeh pasta,"Pasta tossed with tempeh, garlic and a fiery chili sauce, topped with herbs.",Italian,True,15
smoky-tempeh-pasta,Smoky tempeh pasta,"Pasta tossed with tempeh, garlic and a smoky paprika sauce, topped with herbs.",Italian,True,20
lemon-garlic-tempeh-pasta,Lemon garlic tempeh pasta,"Pasta tossed with tempeh, garlic and a bright lemon and garlic sauce, topped with herbs.",Italian,True,20
creamy-tempeh-pasta,Creamy tempeh pasta,"Pasta tossed with tempeh, garlic and a rich, creamy sauce, topped with herbs.",Italian,True,25
honey-ginger-tempeh-pasta,Honey ginger tempeh pasta,"Pasta tossed with tempeh, garlic and a sweet honey and ginger sauce, topped with herbs.",Italian,True,30
herby-tempeh-pasta,Herby tempeh pasta,"Pasta tossed with tempeh, garlic and a fresh herb sauce, topped with herbs.",Italian,True,30
spicy-tempeh-burger,Spicy tempeh burger,"A toasted bun with a fiery chili tempeh patty, pickles and crunchy lettuce.",American,True,20
smoky-tempeh-burger,Smoky tempeh burger,"A toasted bun with a smoky paprika tempeh patty, pickles and crunchy lettuce.",American,True,40
lemon-garlic-tempeh-burger,Lemon garlic tempeh burger,"A toasted bun with a bright lemon and garlic tempeh patty, pickles and crunchy lettuce.",American,True,25
creamy-tempeh-burger,Creamy tempeh burger,"A toasted bun with a rich, creamy tempeh patty, pickles and crunchy lettuce.",American,True,35
honey-ginger-tempeh-burger,Honey ginger tempeh burger,"A toasted bun with a sweet honey and ginger tempeh patty, pickles and crunchy lettuce.",American,True,35
herby-tempeh-burger,Herby tempeh burger,"A toasted bun with a fresh herb tempeh patty, pickles and crunchy lettuce.",American,True,30
spicy-tempeh-skewers,Spicy tempeh skewers,"Tempeh threaded on skewers, grilled over high heat and brushed with a fiery chili glaze.",Greek,True,30
smoky-tempeh-skewers,Smoky tempeh skewers,"Tempeh threaded on skewers, grilled over high heat and brushed with a smoky paprika glaze.",Greek,True,25
lemon-garlic-tempeh-skewers,Lemon garlic tempeh skewers,"Tempeh threaded on skewers, grilled over high heat and brushed with a bright lemon and garlic glaze.",Greek,True,40
creamy-tempeh-skewers,Creamy tempeh skewers,"Tempeh threaded on skewers, grilled over high heat and brushed with a rich, creamy glaze.",Greek,True,35
honey-ginger-tempeh-skewers,Honey ginger tempeh skewers,"Tempeh threaded on skewers, grilled over high heat and brushed with a sweet honey and ginger glaze.",Greek,True,40
herby-tempeh-skewers,Herby tempeh skewers,"Tempeh threaded on skewers, grilled over high heat and brushed with a fresh herb glaze.",Greek,True,30
spicy-tempeh-stew,Spicy tempeh stew,"Tempeh braised slowly with carrots, potatoes and a fiery chili gravy until thick.",British,True,120
smoky-tempeh-stew,Smoky tempeh stew,"Tempeh braised slowly with carrots, potatoes and a smoky paprika gravy until thick.",British,True,115
lemon-garlic-tempeh-stew,Lemon garlic tempeh stew,"Tempeh braised slowly with carrots, potatoes and a bright lemon and garlic gravy until thick.",British,True,115
honey-ginger-tempeh-stew,Honey ginger tempeh stew,"Tempeh braised slowly with carrots, potatoes and a sweet honey and ginger gravy until thick.",British,True,110
herby-tempeh-stew,Herby tempeh stew,"Tempeh braised slowly with carrots, potatoes and a fresh herb gravy until thick.",British,True,130
smoky-tempeh-noodle-bowl,Smoky tempeh noodle bowl,"Noodles in a steaming broth with tempeh, spring onions and a smoky paprika kick.",Japanese,True,20
creamy-tempeh-noodle-bowl,Creamy tempeh noodle bowl,"Noodles in a steaming broth with tempeh, spring onions and a rich, creamy kick.",Japanese,True,20
honey-ginger-tempeh-noodle-bowl,Honey ginger tempeh noodle bowl,"Noodles in a steaming broth with tempeh, spring onions and a sweet honey and ginger kick.",Japanese,True,25
herby-tempeh-noodle-bowl,Herby tempeh noodle bowl,"Noodles in a steaming broth with tempeh, spring onions and a fresh herb kick.",Japanese,True,20
spicy-tempeh-wrap,Spicy tempeh wrap,"Warm flatbread rolled around tempeh, hummus, salad and a fiery chili sauce.",Middle Eastern,True,15
smoky-tempeh-wrap,Smoky tempeh wrap,"Warm flatbread rolled around tempeh, hummus, salad and a smoky paprika sauce.",Middle Eastern,True,25
lemon-garlic-tempeh-wrap,Lemon garlic tempeh wrap,"Warm flatbread rolled around tempeh, hummus, salad and a bright lemon and garlic sauce.",Middle Eastern,True,10
creamy-tempeh-wrap,Creamy tempeh wrap,"Warm flatbread rolled around tempeh, hummus, salad and a rich, creamy sauce.",Middle Eastern,True,15
honey-ginger-tempeh-wrap,Honey ginger tempeh wrap,"Warm flatbread rolled around tempeh, hummus, salad and a sweet honey and ginger sauce.",Middle Eastern,True,15
herby-tempeh-wrap,Herby tempeh wrap,"Warm flatbread rolled around tempeh, hummus, salad and a fresh herb sauce.",Middle Eastern,True,30
spicy-tempeh-traybake,Spicy tempeh traybake,Tempeh and vegetables roasted together on one tray with a fiery chili seasoning.,British,True,65
lemon-garlic-tempeh-traybake,Lemon garlic tempeh traybake,Tempeh and vegetables roasted together on one tray with a bright lemon and garlic seasoning.,British,True,50
creamy-tempeh-traybake,Creamy tempeh traybake,"Tempeh and vegetables roasted together on one tray with a rich, creamy seasoning.",British,True,60
honey-ginger-tempeh-traybake,Honey ginger tempeh traybake,Tempeh and vegetables roasted together on one tray with a sweet honey and ginger seasoning.,British,True,65
herby-tempeh-traybake,Herby tempeh traybake,Tempeh and vegetables roasted together on one tray with a fresh herb seasoning.,British,True,65
smoky-tempeh-fried-rice,Smoky tempeh fried rice,"Day-old rice fried with egg, peas and tempeh in a smoky paprika sauce.",Chinese,True,15
lemon-garlic-tempeh-fried-rice,Lemon garlic tempeh fried rice,"Day-old rice fried with egg, peas and tempeh in a bright lemon and garlic sauce.",Chinese,True,25
creamy-tempeh-fried-rice,Creamy tempeh fried rice,"Day-old rice fried with egg, peas and tempeh in a rich, creamy sauce.",Chinese,True,20
honey-ginger-tempeh-fried-rice,Honey ginger tempeh fried rice,"Day-old rice fried with egg, peas and tempeh in a sweet honey and ginger sauce.",Chinese,True,25
herby-tempeh-fried-rice,Herby tempeh fried rice,"Day-old rice fried with egg, peas and tempeh in a fresh herb sauce.",Chinese,True,10
spicy-tempeh-pie,Spicy tempeh pie,"Tempeh in a fiery chili filling under a golden, flaky pastry lid.",British,True,75
smoky-tempeh-pie,Smoky tempeh pie,"Tempeh in a smoky paprika filling under a golden, flaky pastry lid.",British,True,85
lemon-garlic-tempeh-pie,Lemon garlic tempeh pie,"Tempeh in a bright lemon and garlic filling under a golden, flaky pastry lid.",British,True,70
honey-ginger-tempeh-pie,Honey ginger tempeh pie,"Tempeh in a sweet honey and ginger filling under a golden, flaky pastry lid.",British,True,75
herby-tempeh-pie,Herby tempeh pie,"Tempeh in a fresh herb filling under a golden, flaky pastry lid.",British,True,65
spicy-tempeh-green-curry,Spicy tempeh green curry,Tempeh cooked in coconut milk with green curry paste and a fiery chili edge.,Thai,True,45
smoky-tempeh-green-curry,Smoky tempeh green curry,Tempeh cooked in coconut milk with green curry paste and a smoky paprika edge.,Thai,True,45
lemon-garlic-tempeh-green-curry,Lemon garlic tempeh green curry,Tempeh cooked in coconut milk with green curry paste and a bright lemon and garlic edge.,Thai,True,30
creamy-tempeh-green-curry,Creamy tempeh green curry,"Tempeh cooked in coconut milk with green curry paste and a rich, creamy edge.",Thai,True,45
herby-tempeh-green-curry,Herby tempeh green curry,Tempeh cooked in coconut milk with green curry paste and a fresh herb edge.,Thai,True,30
spicy-tempeh-enchiladas,Spicy tempeh enchiladas,"Tortillas rolled around tempeh, covered with a fiery chili sauce and cheese, then baked.",Mexican,True,45
lemon-garlic-tempeh-enchiladas,Lemon garlic tempeh enchiladas,"Tortillas rolled around tempeh, covered with a bright lemon and garlic sauce and cheese, then baked.",Mexican,True,50
creamy-tempeh-enchiladas,Creamy tempeh enchiladas,"Tortillas rolled around tempeh, covered with a rich, creamy sauce and cheese, then baked.",Mexican,True,50
honey-ginger-tempeh-enchiladas,Honey ginger tempeh enchiladas,"Tortillas rolled around tempeh, covered with a sweet honey and ginger sauce and cheese, then baked.",Mexican,True,40
herby-tempeh-enchiladas,Herby tempeh enchiladas,"Tortillas rolled around tempeh, covered with a fresh herb sauce and cheese, then baked.",Mexican,True,60
spicy-tempeh-flatbread,Spicy tempeh flatbread,"Crisp flatbread topped with tempeh, yogurt and a fiery chili drizzle.",Middle Eastern,True,35
lemon-garlic-tempeh-flatbread,Lemon garlic tempeh flatbread,"Crisp flatbread topped with tempeh, yogurt and a bright lemon and garlic drizzle.",Middle Eastern,True,30
creamy-tempeh-flatbread,Creamy tempeh flatbread,"Crisp flatbread topped with tempeh, yogurt and a rich, creamy drizzle.",Middle Eastern,True,25
honey-ginger-tempeh-flatbread,Honey ginger tempeh flatbread,"Crisp flatbread topped with tempeh, yogurt and a sweet honey and ginger drizzle.",Middle Eastern,True,35
herby-tempeh-flatbread,Herby tempeh flatbread,"Crisp flatbread topped with tempeh, yogurt and a fresh herb drizzle.",Middle Eastern,True,15
